source_year,Straftat_Gesetz,Art_der_Straftat,abgeurteilte,verurteilte,verurteilungsquote,verurteilungsquote_pct,freispruch_ohne_massregeln,einstellung_ohne_massregeln,freiheitsstrafe_gesamt,bewaehrung,geldstrafe,freiheitsstrafe,sonstige
2022,StGB  ,Fahrlässige Koerperverl. im Straßenverkehr insgesamt (§ 229 StGB) ,12387,10420,0.8412044885767337,84.12044885767337,113,1721,225.0,194,9943,31,385
2022,StGB  ,Fahrlässige Toetung im Straßenverkehr insgesamt (§ 222 StGB) ,514,458,0.8910505836575876,89.10505836575877,9,41,121.0,100,310,21,33
2022,StGB  ,Gefährdung des Straßenverkehrs nach § 315 c StGB insgesamt ,13792,12235,0.8871084686774942,88.71084686774941,208,1214,351.0,302,11458,49,561
2022,StGB  ,Gefährdung des Straßenverkehrs nach § 315 c StGB mit Verkehrsunfall ,11226,10326,0.9198289684660609,91.98289684660608,113,723,225.0,190,9823,35,342
2022,StGB  ,Gefährdung des Straßenverkehrs nach § 315 c StGB ohne Verkehrsunfall ,2566,1909,0.7439594699922057,74.39594699922057,95,491,126.0,112,1635,14,219
2022,StGB  ,Menschenraub StGB § 234 ,4,2,0.5,50.0,0,2,2.0,2,0,0,0
2022,StGB  ,"StGB 1. Abschnitt, §§ 80 a bis 92 b Friedensverrat, Hochverrat und Gefährdung des demokratischen Rechtsstaates",2646,2036,0.7694633408919124,76.94633408919124,93,254,151.0,96,1756,55,392
2022,StGB  ,"StGB 10. Abschnitt, §§ 164 und 165 Falsche Verdächtigung ",3846,2678,0.6963078523140925,69.63078523140925,213,752,151.0,116,2335,35,395
2022,StGB  ,"StGB 11. Abschnitt, §§ 166 bis 168 Straftaten, welche sich auf Religion und Weltanschauung beziehen",41,32,0.7804878048780488,78.04878048780488,1,7,2.0,1,28,1,3
2022,StGB  ,"StGB 12. Abschnitt, §§ 169 bis 173 Straftaten gegen den Personenstand, die Ehe und die Familie",1091,628,0.5756186984417965,57.56186984417965,26,435,285.0,278,340,7,5
2022,StGB  ,"StGB 13. Abschnitt, §§ 174 bis 184 l Straftaten gegen die sexuelle Selbstbestimmung",13611,10364,0.7614429505546985,76.14429505546984,948,1175,4586.0,3339,4215,1247,2687
2022,StGB  ,"StGB 14. Abschnitt, §§ 185 bis 200 Beleidigung ",30951,24825,0.8020742463894543,80.20742463894544,666,4478,865.0,554,22850,311,2092
2022,StGB  ,"StGB 15. Abschnitt, §§ 201 bis 206 Verletzung des persoenlichen Lebens- und Geheimbereichs",1459,1095,0.750514050719671,75.05140507196711,54,245,62.0,56,977,6,121
2022,StGB  ,"StGB 16. Abschnitt, §§ 211 bis 222 (o.V.) Straftaten gegen das Leben (o.V.) ",1006,669,0.6650099403578529,66.50099403578528,66,99,510.0,79,92,431,239
2022,StGB  ,"StGB 17. Abschnitt, §§ 223 bis 231 (o.V.) Straftaten gegen die koerperliche Unversehrtheit (o.V.)",73560,47916,0.6513866231647635,65.13866231647634,3972,15624,11552.0,8757,27950,2795,14462
2022,StGB  ,"StGB 18. Abschnitt, §§ 232 bis 241 a Straftaten gegen die persoenliche Freiheit",19460,13935,0.7160842754367934,71.60842754367934,815,3935,1117.0,760,12016,357,1577
2022,StGB  ,"StGB 19. Abschnitt, §§ 242 bis 248 c Diebstahl und Unterschlagung ",106435,86164,0.809545732136985,80.9545732136985,2116,11526,17129.0,10212,61125,6917,14539
2022,StGB  ,"StGB 2. Abschnitt, §§ 93 bis 101 a Landesverrat und Gefährdung der äußeren Sicherheit",20,16,0.8,80.0,0,4,9.0,8,2,1,5
2022,StGB  ,"StGB 20. Abschnitt, §§ 249 bis 256, 316a Raub und Erpressung, räuberischer Angriff auf Kraftfahrer ",7665,5329,0.6952380952380952,69.52380952380952,622,913,2676.0,1126,447,1550,3007
2022,StGB  ,"StGB 21. Abschnitt, §§ 257 bis 262 Begünstigung und Hehlerei ",4682,3600,0.7689021785561726,76.89021785561727,195,684,767.0,587,2591,180,445
2022,StGB  ,"StGB 22. Abschnitt, §§ 263 bis 266 b Betrug und Untreue ",124664,103392,0.82936533401784,82.93653340178399,2779,15722,11742.0,9236,88312,2506,6109
2022,StGB  ,"StGB 23. Abschnitt, §§ 267 bis 282 Urkundenfälschung ",33350,29537,0.8856671664167916,88.56671664167915,601,2663,2375.0,1815,26367,560,1344
2022,StGB  ,"StGB 24. Abschnitt, §§ 283 bis 283 d Insolvenzstraftaten ",1081,836,0.7733580018501388,77.33580018501388,15,229,112.0,103,723,9,2
2022,StGB  ,"StGB 25. Abschnitt, §§ 284 bis 297 Strafbarer Eigennutz ",954,703,0.7368972746331237,73.68972746331237,45,201,28.0,27,669,1,11
2022,StGB  ,"StGB 26. Abschnitt, §§ 298 bis 301 Straftaten gegen den Wettbewerb ",54,32,0.5925925925925926,59.25925925925925,0,22,15.0,11,17,4,0
2022,StGB  ,"StGB 27. Abschnitt, §§ 303 bis 305 a Sachbeschädigung ",14786,10474,0.7083727850669552,70.83727850669553,448,2056,395.0,275,8675,120,3212
2022,StGB  ,"StGB 28. Abschnitt, §§ 306 bis 323c, ohne §§ 315 b bis d, ohne §§ 316,316 a und ohne § 323 a i.V.m. Verkehrsunfall Gemeingefährliche Straftaten",2859,2116,0.7401189227002448,74.01189227002448,143,336,784.0,434,1041,350,555
2022,StGB  ,"StGB 29. Abschnitt, §§ 324 bis 330 a Straftaten gegen die Umwelt ",1218,918,0.7536945812807881,75.36945812807882,33,261,26.0,19,889,7,9
2022,StGB  ,"StGB 3. Abschnitt, §§ 102 bis 104 a Straftaten gegen ausländische Staaten ",1,1,1.0,100.0,0,0,0.0,0,0,0,1
2022,StGB  ,"StGB 30. Abschnitt, §§ 331 bis 358 Straftaten im Amt ",389,223,0.5732647814910026,57.326478149100254,40,123,74.0,62,146,12,6
2022,StGB  ,"StGB 4. Abschnitt, §§ 105 bis 108 e Straftaten gegen Verfassungsorgane sowie bei Wahlen und Abstimmungen",15,9,0.6,60.0,0,5,1.0,1,3,0,6
2022,StGB  ,"StGB 5. Abschnitt, §§ 109 bis 109 k Straftaten gegen die Landesverteidigung ",1,1,1.0,100.0,0,0,0.0,0,0,0,1
2022,StGB  ,"StGB 6. Abschnitt, §§ 111 bis 121 Widerstand gegen die Staatsgewalt ",15864,13183,0.8310010085728694,83.10010085728695,214,1888,3428.0,2580,8422,848,1912
2022,StGB  ,"StGB 7. Abschnitt, §§ 123 bis 145 d, ohne § 142 Straftaten gegen die oeffentliche Ordnung (o.V.) ",10250,7510,0.7326829268292683,73.26829268292683,242,1747,754.0,471,6196,283,1311
2022,StGB  ,"StGB 8. Abschnitt, §§ 146 bis 152 c Geld- und Wertzeichenfälschung ",535,378,0.7065420560747664,70.65420560747664,64,54,194.0,151,88,43,135
2022,StGB  ,"StGB 9. Abschnitt, §§ 153 bis 162 Falsche uneidliche Aussage und Meineid ",3420,2389,0.6985380116959065,69.85380116959064,156,734,320.0,284,1843,36,367
2022,StGB  ,StGB § 100 Friedensgefährdende Beziehungen,3,3,1.0,100.0,0,0,0.0,0,0,0,3
2022,StGB  ,StGB § 100 a Landesverräterische Fälschung,2,2,1.0,100.0,0,0,0.0,0,0,0,2
2022,StGB  ,StGB § 109 Wehrpflichtentziehung durch Verstümmelung ,1,1,1.0,100.0,0,0,0.0,0,0,0,1
2022,StGB  ,StGB § 111 oeffentliche Aufforderung zu Straftaten ,184,151,0.8206521739130435,82.06521739130434,6,22,8.0,6,141,2,7
2022,StGB  ,StGB § 113 Widerstand gegen Vollstreckungsbeamte ,6595,5426,0.8227445034116755,82.27445034116755,82,875,828.0,622,4104,206,706
2022,StGB  ,StGB § 114 Tätl. Angriff auf Vollstreckungsbeamte ,8539,7286,0.8532615060311511,85.32615060311511,110,800,2488.0,1871,3981,617,1160
2022,StGB  ,"StGB § 115 Abs.1,2 i.V.m. §§ 113, 114 Widerstand gg. o. tätl. Angriff auf Pers., die Vollstreckungsbeamten gleichstehen",333,157,0.47147147147147145,47.147147147147145,12,156,55.0,42,92,13,18
2022,StGB  ,"StGB § 115 Abs.3 i.V.m. §§ 113, 114 Widerstand gg.o.tätl. Angriff a. Hilfeleis. von Feuerwehr, Katast.-schutz o. Rettungsd.",161,134,0.8322981366459627,83.22981366459628,1,21,46.0,38,81,8,12
2022,StGB  ,StGB § 120 Gefangenenbefreiung ,41,23,0.5609756097560976,56.09756097560976,2,11,2.0,1,19,1,7
2022,StGB  ,StGB § 121 Gefangenenmeuterei ,11,6,0.5454545454545454,54.54545454545454,1,3,1.0,0,4,1,2
2022,StGB  ,StGB § 125 Landfriedensbruch ,182,117,0.6428571428571429,64.28571428571429,9,40,3.0,3,104,0,26
2022,StGB  ,StGB § 125 a Besonders schwerer Fall des Landfriedensbruchs,103,58,0.5631067961165048,56.310679611650485,4,33,33.0,30,2,3,31
2022,StGB  ,StGB § 126 Stoerung des oeffentlichen Friedens durch Androhung von Straftaten,222,152,0.6846846846846847,68.46846846846847,8,30,9.0,8,125,1,50
2022,StGB  ,StGB § 126 a Gefährdendes Verbreiten personenbezogener Daten,2,2,1.0,100.0,0,0,0.0,0,2,0,0
2022,StGB  ,StGB § 127 Betreiben krimineller Handelsplattformen im Internet,3,2,0.6666666666666666,66.66666666666666,0,0,0.0,0,2,0,1
2022,StGB  ,StGB § 129 Bildung krimineller Vereinigungen ,6,5,0.8333333333333334,83.33333333333334,0,1,5.0,4,0,1,0
2022,StGB  ,StGB § 129 a Bildung terroristischer Vereinigungen ,24,24,1.0,100.0,0,0,20.0,14,0,6,4
2022,StGB  ,StGB § 129 b i.V.m. § 129 a Bildung terroristischer Vereinigungen im Ausland,10,7,0.7,70.0,0,3,7.0,3,0,4,0
2022,StGB  ,StGB § 130 Abs. 1 Volksverhetzung durch Aufstachelung zum Hass oder vergleichbare Äußerungen,825,616,0.7466666666666667,74.66666666666667,28,105,109.0,83,447,26,136
2022,StGB  ,StGB § 130 Abs. 2 Volksverhetzung durch Verbreiten volksverhetzender Inhalte ,127,89,0.7007874015748031,70.07874015748031,2,9,1.0,1,74,0,41
2022,StGB  ,"StGB § 130 Abs. 3 Volksverhetzung durch Billigung, Leugnung oder Verharmlosung des nationalsozialistischen Voelkermordes",336,269,0.8005952380952381,80.05952380952381,6,21,12.0,9,233,3,64
2022,StGB  ,"StGB § 130 Abs. 4 Volksverhetzung durch Billigung, Verherrlichung o. Rechtfertigung der nat.soz. Gewalt- und Willkürherrschaft",14,11,0.7857142857142857,78.57142857142857,2,1,1.0,1,9,0,1
2022,StGB  ,StGB § 130 a Anleitung zu Straftaten ,5,1,0.2,20.0,0,4,0.0,0,1,0,0
2022,StGB  ,StGB § 131 Gewaltdarstellung ,42,28,0.6666666666666666,66.66666666666666,0,5,3.0,2,15,1,19
2022,StGB  ,StGB § 132 Amtsanmaßung ,98,61,0.6224489795918368,62.244897959183675,6,28,3.0,2,54,1,7
2022,StGB  ,"StGB § 132 a Missbrauch von Titeln, Berufsbezeich- nungen und Abzeichen",127,92,0.7244094488188977,72.44094488188976,9,25,7.0,6,85,1,1
2022,StGB  ,StGB § 133 Verwahrungsbruch ,46,37,0.8043478260869565,80.43478260869566,0,8,4.0,3,29,1,5
2022,StGB  ,"StGB § 136 Verstrickungsbruch, Siegelbruch ",138,105,0.7608695652173914,76.08695652173914,7,26,2.0,1,99,1,4
2022,StGB  ,StGB § 138 Nichtanzeige geplanter Straftaten ,22,17,0.7727272727272727,77.27272727272727,1,2,0.0,0,15,0,4
2022,StGB  ,StGB § 140 Belohnung und Billigung von Straftaten ,79,70,0.8860759493670886,88.60759493670885,0,9,1.0,1,67,0,2
2022,StGB  ,StGB § 142 Abs. 1 Unerl. Entf. vom Unfallort vor Feststellung d. Unfallbeteiligung in Trunkenheit,4357,4181,0.9596052329584577,95.96052329584577,15,126,219.0,193,3794,26,203
2022,StGB  ,StGB § 142 Abs. 1 Unerl. Entf. vom Unfallort vor Feststellung d. Unfallbeteiligung insgesamt,36328,28067,0.7725996476547016,77.25996476547016,1147,6521,432.0,359,26881,73,1347
2022,StGB  ,StGB § 142 Abs. 1 Unerl. Entf. vom Unfallort vor Feststellung d. Unfallbeteiligung ohne Trunkenheit bzw. Trunkenheit nicht bekannt,31971,23886,0.7471145725814019,74.71145725814019,1132,6395,213.0,166,23087,47,1144
2022,StGB  ,StGB § 142 Abs. 2 Entf. vom Unfallort ohne nachträgl. Meldung d. Unfallbeteiligung in Trunkenheit,12,12,1.0,100.0,0,0,0.0,0,8,0,4
2022,StGB  ,StGB § 142 Abs. 2 Entf. vom Unfallort ohne nachträgl. Meldung d. Unfallbeteiligung insgesamt,163,140,0.8588957055214724,85.88957055214725,3,17,1.0,1,131,0,11
2022,StGB  ,StGB § 142 Abs. 2 Entf. vom Unfallort ohne nachträgl. Meldung d. Unfallbeteiligung ohne Trunkenheit bzw. Trunkenheit nicht bekannt,151,128,0.847682119205298,84.76821192052981,3,17,1.0,1,123,0,7
2022,StGB  ,StGB § 145 Missbrauch von Notrufen und Beeinträchtigung von Unfallverhütungs- und Nothilfemitteln,840,622,0.7404761904761905,74.04761904761905,19,130,37.0,28,539,9,115
2022,StGB  ,StGB § 145 a Verstoß gegen Weisungen während der Führungsaufsicht,991,742,0.7487386478304743,74.87386478304742,21,228,353.0,180,385,173,4
2022,StGB  ,StGB § 145 c Verstoß gegen das Berufsverbot ,2,2,1.0,100.0,0,0,1.0,1,1,0,0
2022,StGB  ,StGB § 145 d Vortäuschen einer Straftat ,1334,982,0.7361319340329835,73.61319340329835,58,212,36.0,30,861,6,167
2022,StGB  ,StGB § 152 b Fälschung von Zahlungskarten mit Garantiefunktion ,16,15,0.9375,93.75,0,1,14.0,7,0,7,1
2022,StGB  ,"StGB § 152 i.V.m. §§ 146-149 Geld-, Wert- zeichen und -papierfälschung von Geld,Wert- zeichen u. -papieren e. fremden Währungsgeb.",3,2,0.6666666666666666,66.66666666666666,0,1,0.0,0,2,0,0
2022,StGB  ,StGB § 153 Falsche uneidliche Aussage ,2296,1564,0.681184668989547,68.1184668989547,116,485,264.0,235,1077,29,354
2022,StGB  ,StGB § 154 Meineid ,44,30,0.6818181818181818,68.18181818181817,4,6,22.0,21,8,1,4
2022,StGB  ,StGB § 156 Falsche Versicherung an Eides Statt ,1020,748,0.7333333333333333,73.33333333333333,35,231,31.0,25,715,6,8
2022,StGB  ,StGB § 160 Verleitung zur Falschaussage ,3,1,0.3333333333333333,33.33333333333333,1,1,0.0,0,1,0,0
2022,StGB  ,"StGB § 161 Fahrlässiger Falscheid, fahrlässige falsche Versicherung an Eides Statt",57,46,0.8070175438596491,80.7017543859649,0,11,3.0,3,42,0,1
2022,StGB  ,StGB § 164 Falsche Verdächtigung ,3846,2678,0.6963078523140925,69.63078523140925,213,752,151.0,116,2335,35,395
2022,StGB  ,StGB § 169 Personenstandsfälschung ,2,2,1.0,100.0,0,0,0.0,0,2,0,0
2022,StGB  ,StGB § 170 Abs. 1 Verletzung der Unterhaltspflicht ,1002,566,0.564870259481038,56.4870259481038,20,415,268.0,262,297,6,2
2022,StGB  ,StGB § 170 Abs. 2 Verletzung der Unterhaltspflicht gegenüber einer Schwangeren,1,1,1.0,100.0,0,0,0.0,0,1,0,0
2022,StGB  ,StGB § 171 Verletzung der Fürsorge- oder Erziehungspflicht,78,53,0.6794871794871795,67.94871794871796,6,18,16.0,16,37,0,1
2022,StGB  ,StGB § 172 Doppelehe doppelte Lebenspartnerschaft,2,1,0.5,50.0,0,1,0.0,0,1,0,0
2022,StGB  ,StGB § 173 Beischlaf zwischen Verwandten ,6,5,0.8333333333333334,83.33333333333334,0,1,1.0,0,2,1,2
2022,StGB  ,StGB § 174 Sexueller Missbrauch von Schutzbefohlenen ,66,49,0.7424242424242424,74.24242424242425,12,5,40.0,35,8,5,1
2022,StGB  ,"StGB § 174 a Sexueller Missbrauch von Gefangenen, behoerdlich Verwahrten oder Kranken u. Hilfsbedürftigen in Einrichtungen",10,7,0.7,70.0,1,2,7.0,7,0,0,0
2022,StGB  ,StGB § 174 b Sexueller Missbrauch unter Ausnutzung einer Amtsstellung,3,2,0.6666666666666666,66.66666666666666,1,0,2.0,0,0,2,0
2022,StGB  ,"StGB § 174 c Abs. 1 Sexueller Missbrauch unter Ausnutzung eines Beratungs-, Behandlungs- oder Betreuungsverhältnisses",25,17,0.68,68.0,5,3,14.0,13,3,1,0
2022,StGB  ,StGB § 176 Sexueller Missbrauch von Kindern ,1228,893,0.7271986970684039,72.71986970684038,83,94,667.0,477,19,190,365
2022,StGB  ,StGB § 176 a Sexueller Missbrauch von Kindern ohne Koerperkontakt mit dem Kind,452,353,0.7809734513274337,78.09734513274337,17,34,211.0,181,59,30,131
2022,StGB  ,StGB § 176 b Vorbereitung des sexuellen Missbrauchs von Kindern,75,60,0.8,80.0,2,8,24.0,22,17,2,24
2022,StGB  ,StGB § 176 c Schwerer sexueller Missbrauch von Kindern ,617,538,0.8719611021069692,87.19611021069692,54,13,466.0,121,4,345,80
2022,StGB  ,StGB § 176 d Sexueller Missbrauch von Kindern mit Todesfolge,4,3,0.75,75.0,0,0,2.0,2,0,0,2
2022,StGB  ,StGB § 177 Abs. 1 Sexuelle Handlungen gegen den erkennbaren Willen,536,249,0.46455223880597013,46.45522388059701,156,101,177.0,152,37,25,65
2022,StGB  ,"StGB § 177 Abs. 2 Nr. 1, Abs. 4 Sexuelle Handlungen unt. Ausnutzen der Unfähigkeit z.Willensbildung od.-äußerung",97,62,0.6391752577319587,63.91752577319587,12,16,52.0,41,7,11,10
2022,StGB  ,"StGB § 177 Abs. 2 Nr. 2,3,4,5 Sex.Handlungen unt.Ausnutzung and.Einschränk. d. Fähigkeit z.Willensbild.od.-betätigung",110,85,0.7727272727272727,77.27272727272727,7,7,49.0,43,21,6,26
2022,StGB  ,"StGB § 177 Abs. 5 Sex. Handlungen unt. Anwendung v. Gewalt, Drohung od. Ausnutzen einer schutzl. Lage",536,380,0.7089552238805971,70.8955223880597,76,33,323.0,236,8,87,96
2022,StGB  ,StGB § 177 Abs. 6 Nr. 1 Vergewaltigung ,965,595,0.616580310880829,61.6580310880829,225,51,421.0,215,0,206,268
2022,StGB  ,"StGB § 177 Abs. 6 Nr. 2, Abs. 7,8 Gemeinschaftlich begangener od. anderer schwerer sexueller Übergriff",157,126,0.802547770700637,80.2547770700637,22,1,102.0,23,2,79,30
2022,StGB  ,StGB § 180 Foerderung sexueller Handlungen Minderjähriger,9,4,0.4444444444444444,44.44444444444444,0,3,2.0,2,2,0,2
2022,StGB  ,StGB § 181 a Zuhälterei ,16,10,0.625,62.5,1,5,8.0,6,0,2,2
2022,StGB  ,"StGB § 182 Abs. 1, 2 Sexueller Missbrauch von Jugendlichen unter Ausnutzung einer Zwangslage oder gegen Entgelt",58,51,0.8793103448275862,87.93103448275862,4,3,21.0,17,28,4,2
2022,StGB  ,StGB § 182 Abs. 3 Sexueller Missbrauch von Jugendlichen unter Ausnutzung fehlender Fähigkeit zur sexuellen Selbstbestimmung,12,10,0.8333333333333334,83.33333333333334,0,2,8.0,7,2,1,0
2022,StGB  ,StGB § 183 Exhibitionistische Handlungen ,750,604,0.8053333333333333,80.53333333333333,31,106,83.0,57,498,26,32
2022,StGB  ,StGB § 183 a Erregung oeffentlichen Ärgernisses ,210,181,0.861904761904762,86.19047619047619,7,21,14.0,9,163,5,5
2022,StGB  ,"StGB § 184 Verbreitung ""einfacher"" pornographischer Inhalte",582,454,0.7800687285223368,78.00687285223368,9,62,21.0,17,389,4,101
2022,StGB  ,StGB § 184 a Verbreitung gewalt- oder tierpornographischer Inhalte,24,14,0.5833333333333334,58.333333333333336,1,2,2.0,2,3,0,16
2022,StGB  ,"StGB § 184 b Verbreitung, Erwerb und Besitz kinderpornographischer Inhalte",4422,3632,0.8213478064224333,82.13478064224333,76,229,1752.0,1571,1221,181,1144
2022,StGB  ,"StGB § 184 c Verbreitung, Erwerb und Besitz jugendpornographischer Inhalte",337,245,0.7270029673590505,72.70029673590504,3,32,21.0,19,160,2,121
2022,StGB  ,"StGB § 184 e i.V.m. §§ 184 b, 184 c Veranstaltung und Besuch kinder- und jugendpornogr. Darbietungen",18,18,1.0,100.0,0,0,0.0,0,17,0,1
2022,StGB  ,StGB § 184 f Ausübung der verbotenen Prostitution ,150,141,0.94,94.0,0,9,2.0,1,139,1,0
2022,StGB  ,StGB § 184 g Jugendgefährdende Prostitution ,1,1,1.0,100.0,0,0,0.0,0,1,0,0
2022,StGB  ,StGB § 184 i Sexuelle Belästigung ,2084,1531,0.7346449136276392,73.46449136276392,143,328,93.0,61,1362,32,158
2022,StGB  ,StGB § 184 k Verletzung des Intimbereichs durch Bildaufnahmen,47,41,0.8723404255319149,87.2340425531915,0,3,2.0,2,37,0,5
2022,StGB  ,"StGB § 184 l Inverkehrbringen, Erwerb und Besitz von Sexpuppen mit kindlichem Erscheinungsbild",9,8,0.8888888888888888,88.88888888888889,0,1,0.0,0,8,0,0
2022,StGB  ,StGB § 185 Beleidigung ,29852,24122,0.8080530617714056,80.80530617714055,612,4153,847.0,539,22175,308,2065
2022,StGB  ,StGB § 186 Üble Nachrede ,508,313,0.6161417322834646,61.61417322834646,26,164,3.0,3,308,0,7
2022,StGB  ,StGB § 187 Verleumdung ,428,241,0.5630841121495327,56.30841121495327,25,150,11.0,9,225,2,17
2022,StGB  ,"StGB § 188 Gegen Personen des politischen Lebens gerich- tete Beleidigung,üble Nachrede u. Verleumdung",110,103,0.9363636363636364,93.63636363636364,1,6,2.0,2,99,0,2
2022,StGB  ,StGB § 189 Verunglimpfung des Andenkens Verstorbener ,19,15,0.7894736842105263,78.94736842105263,1,3,0.0,0,14,0,1
2022,StGB  ,StGB § 192 a Verhetzende Beleidigung ,34,31,0.9117647058823529,91.17647058823529,1,2,2.0,1,29,1,0
2022,StGB  ,StGB § 201 Verletzung der Vertraulichkeit des Wortes ,447,318,0.7114093959731543,71.14093959731544,14,101,7.0,5,292,2,33
2022,StGB  ,StGB § 201 a Verletzung des hoechstpers. Lebensbereichs und von Persoenlichkeitsrechten d. Bildaufn.,527,392,0.7438330170777988,74.38330170777988,20,76,12.0,10,358,2,61
2022,StGB  ,StGB § 202 Verletzung des Briefgeheimnisses ,32,20,0.625,62.5,4,8,1.0,1,19,0,0
2022,StGB  ,StGB § 202 a Ausspähen von Daten ,86,45,0.5232558139534884,52.32558139534884,1,33,1.0,1,42,0,9
2022,StGB  ,StGB § 202 b Abfangen von Daten ,7,6,0.8571428571428571,85.71428571428571,1,0,0.0,0,5,0,1
2022,StGB  ,StGB § 202 c Vorbereiten des Ausspähens und Abfangens von Daten,3,2,0.6666666666666666,66.66666666666666,0,1,0.0,0,2,0,0
2022,StGB  ,StGB § 202 d Datenhehlerei ,14,8,0.5714285714285714,57.14285714285714,1,3,1.0,1,7,0,2
2022,StGB  ,StGB § 203 Verletzung von Privatgeheimnissen ,16,6,0.375,37.5,2,8,0.0,0,5,0,1
2022,StGB  ,StGB § 204 Verwertung fremder Geheimnisse ,3,2,0.6666666666666666,66.66666666666666,0,0,0.0,0,2,0,1
2022,StGB  ,StGB § 206 Verletzung des Post- oder Fernmeldegeheimnisses,324,296,0.9135802469135802,91.35802469135803,11,15,40.0,38,245,2,13
2022,StGB  ,StGB § 211 Mord ,143,126,0.8811188811188811,88.11188811188812,6,1,117.0,0,0,117,19
2022,StGB  ,"StGB § 211 i.V.m. §§ 22, 23 Versuchter Mord ",138,90,0.6521739130434783,65.21739130434783,9,2,79.0,0,0,79,48
2022,StGB  ,StGB § 216 Toetung auf Verlangen ,1,1,1.0,100.0,0,0,1.0,1,0,0,0
2022,StGB  ,StGB § 218 Schwangerschaftsabbruch ,9,5,0.5555555555555556,55.55555555555556,1,3,3.0,1,2,2,0
2022,StGB  ,StGB § 221 Aussetzung ,16,11,0.6875,68.75,1,1,7.0,5,2,2,5
2022,StGB  ,StGB § 222 Fahrlässige Toetung im Straßenverkehr in Trunkenheit ,41,41,1.0,100.0,0,0,31.0,19,4,12,6
2022,StGB  ,StGB § 222 Fahrlässige Toetung im Straßenverkehr ohne Trunkenheit ,473,417,0.8816067653276956,88.16067653276956,9,41,90.0,81,306,9,27
2022,StGB  ,"StGB § 222 Fahrlässige Toetung, außer im Straßenverkehr ",249,150,0.6024096385542169,60.24096385542169,17,79,57.0,54,88,3,8
2022,StGB  ,StGB § 223 Koerperverletzung ,40617,29278,0.7208311790629539,72.08311790629539,1611,7421,3620.0,2541,22031,1079,5934
2022,StGB  ,"StGB § 224 Abs. 1 Nr. 1 Gefährliche Koerperverletzung, Vergiftung ",496,250,0.5040322580645161,50.403225806451616,48,147,125.0,100,72,25,104
2022,StGB  ,StGB § 224 Abs. 1 Nrn. 2 bis 5 Gefährliche Koerperverletzung ,28188,15477,0.5490634312473393,54.90634312473392,2161,7034,7552.0,5960,3371,1592,8070
2022,StGB  ,StGB § 225 Misshandlung von Schutzbefohlenen ,162,74,0.4567901234567901,45.67901234567901,30,52,62.0,49,11,13,7
2022,StGB  ,StGB § 226 Abs. 1 Schwere Koerperverletzung ,70,46,0.6571428571428571,65.71428571428571,11,6,34.0,12,0,22,19
2022,StGB  ,StGB § 226 Abs. 2 Absichtliche oder wissentliche schwere Koerperverletzung,7,7,1.0,100.0,0,0,7.0,2,0,5,0
2022,StGB  ,StGB § 227 Koerperverletzung mit Todesfolge ,51,42,0.8235294117647058,82.35294117647058,4,2,40.0,4,0,36,5
2022,StGB  ,StGB § 229 Fahrlässige Koerperverletzung im Straßenverkehr in Trunkenheit ,2285,2191,0.9588621444201313,95.88621444201313,4,72,141.0,125,1949,16,119
2022,StGB  ,StGB § 229 Fahrlässige Koerperverletzung im Straßenverkehr ohne Trunkenheit ,10102,8229,0.8145911700653335,81.45911700653336,109,1649,84.0,69,7994,15,266
2022,StGB  ,"StGB § 229 Fahrlässige Koerperverletzung, außer im Straßenverkehr",3961,2739,0.6914920474627619,69.1492047462762,106,959,112.0,89,2463,23,321
2022,StGB  ,StGB § 231 Beteiligung an einer Schlägerei ,8,3,0.375,37.5,1,3,0.0,0,2,0,2
2022,StGB  ,StGB § 232 Menschenhandel ,14,12,0.8571428571428571,85.71428571428571,0,2,12.0,7,0,5,0
2022,StGB  ,StGB § 232 a Abs. 1 bis 5 Zwangsprostitution ,66,54,0.8181818181818182,81.81818181818183,6,5,47.0,28,1,19,7
2022,StGB  ,StGB § 232 b Zwangsarbeit ,13,9,0.6923076923076923,69.23076923076923,1,3,2.0,1,4,1,3
2022,StGB  ,StGB § 233 Ausbeutung der Arbeitskraft ,4,2,0.5,50.0,0,2,0.0,0,0,0,2
2022,StGB  ,StGB § 235 Entziehung Minderjähriger ,130,88,0.676923076923077,67.6923076923077,11,31,24.0,19,63,5,1
2022,StGB  ,StGB § 236 Kinderhandel ,1,1,1.0,100.0,0,0,0.0,0,0,0,1
2022,StGB  ,StGB § 237 Abs. 1 Zwangsheirat - Noetigung zur Eingehung der Ehe,5,3,0.6,60.0,0,2,1.0,1,2,0,0
2022,StGB  ,StGB § 238 Nachstellung ,824,576,0.6990291262135923,69.90291262135922,23,213,117.0,95,454,22,17
2022,StGB  ,StGB § 239 Freiheitsberaubung ,345,200,0.5797101449275363,57.971014492753625,30,102,44.0,35,132,9,37
2022,StGB  ,StGB § 239 a Erpresserischer Menschenraub ,74,65,0.8783783783783784,87.83783783783784,4,1,44.0,9,0,35,25
2022,StGB  ,StGB § 239 b Geiselnahme ,38,32,0.8421052631578947,84.21052631578947,2,2,25.0,5,0,20,9
2022,StGB  ,StGB § 240 Abs. 1 Noetigung ,8564,5909,0.6899813171415227,68.99813171415227,415,1918,350.0,267,5212,83,669
2022,StGB  ,StGB § 240 Abs. 4 Nr. 1 Noetigung einer Schwangeren zum Schwangerschaftsabbruch,21,9,0.42857142857142855,42.857142857142854,1,9,4.0,3,4,1,3
2022,StGB  ,StGB § 240 Abs. 4 Nr. 2 Noetigung unter Missbrauch der Befugnisse oder der Stellung als Amtsträger,10,5,0.5,50.0,1,4,3.0,3,2,0,0
2022,StGB  ,StGB § 241 Bedrohung ,9327,6953,0.7454701404524499,74.54701404524499,321,1639,442.0,285,6142,157,783
2022,StGB  ,StGB § 241 a Politische Verdächtigung StGB § 241 a,19,15,0.7894736842105263,78.94736842105263,0,0,0.0,0,0,0,19
2022,StGB  ,StGB § 242 Diebstahl ,79688,65244,0.8187430980825219,81.87430980825219,1108,8075,6598.0,3944,53347,2654,10560
2022,StGB  ,StGB § 243 Abs. 1 Satz 2 Nr. 1 Einbruchdiebstahl ,7197,5281,0.7337779630401556,73.37779630401556,323,1196,3000.0,1774,1399,1226,1279
2022,StGB  ,StGB § 243 Abs. 1 Satz 2 Nrn. 2 bis 7 Diebstahl in anderen besonders schweren Fällen,7806,6463,0.8279528567768383,82.79528567768382,172,756,3719.0,2234,2072,1485,1087
2022,StGB  ,StGB § 244 Abs. 1 Nr. 1 Diebstahl mit Waffen ,3566,3020,0.8468872686483455,84.68872686483455,28,306,1668.0,1067,955,601,609
2022,StGB  ,StGB § 244 Abs. 1 Nr. 2 Bandendiebstahl ,143,62,0.43356643356643354,43.35664335664335,13,57,45.0,31,7,14,21
2022,StGB  ,StGB § 244 Abs. 1 Nr. 3 Wohnungseinbruchdiebstahl ,698,449,0.6432664756446992,64.32664756446992,78,131,334.0,220,32,114,123
2022,StGB  ,StGB § 244 Abs. 4 Privatwohnungseinbruchdiebstahl ,1444,1187,0.8220221606648199,82.202216066482,100,113,981.0,463,14,518,236
2022,StGB  ,StGB § 244 a Schwerer Bandendiebstahl ,553,472,0.8535262206148282,85.35262206148282,15,54,408.0,175,2,233,74
2022,StGB  ,StGB § 246 Unterschlagung ,4678,3440,0.735356990166738,73.53569901667379,266,773,340.0,280,2859,60,440
2022,StGB  ,StGB § 248 b Unbefugter Gebrauch eines Fahrzeugs ,347,274,0.7896253602305475,78.96253602305475,6,30,21.0,16,181,5,109
2022,StGB  ,StGB § 248 c Entziehung elektrischer Energie ,315,272,0.8634920634920635,86.34920634920636,7,35,15.0,8,257,7,1
2022,StGB  ,StGB § 249 Raub ,1837,1117,0.608056614044638,60.8056614044638,221,238,534.0,275,22,259,822
2022,StGB  ,StGB § 250 Schwerer Raub ,1055,818,0.7753554502369668,77.53554502369668,82,72,436.0,100,2,336,463
2022,StGB  ,StGB § 251 Raub mit Todesfolge ,2,1,0.5,50.0,1,0,1.0,0,0,1,0
2022,StGB  ,StGB § 252 Räuberischer Diebstahl ,1425,1045,0.7333333333333333,73.33333333333333,79,206,824.0,356,16,468,300
2022,StGB  ,StGB § 253 Abs. 1 Erpressung ,811,517,0.6374845869297164,63.748458692971646,57,175,81.0,59,364,22,134
2022,StGB  ,StGB § 253 Abs. 4 Besonders schwerer Fall der Erpressung ,26,11,0.4230769230769231,42.30769230769231,2,13,8.0,7,1,1,2
2022,StGB  ,StGB § 255 Räuberische Erpressung ,2451,1769,0.7217462260301918,72.17462260301917,179,206,777.0,324,42,453,1247
2022,StGB  ,StGB § 259 Hehlerei ,1546,1156,0.7477360931435963,74.77360931435963,77,232,228.0,175,839,53,170
2022,StGB  ,StGB § 260 Abs. 1 Nr. 1 Gewerbsmäßige Hehlerei ,315,257,0.8158730158730159,81.58730158730158,13,43,238.0,155,15,83,6
2022,StGB  ,StGB § 260 Abs. 1 Nr. 2 Bandenhehlerei ,4,1,0.25,25.0,1,1,1.0,1,0,0,1
2022,StGB  ,StGB § 260 a Gewerbsmäßige Bandenhehlerei ,27,16,0.5925925925925926,59.25925925925925,2,8,16.0,10,0,6,1
2022,StGB  ,StGB § 261 Abs. 1 Geldwäsche ,654,459,0.7018348623853211,70.18348623853211,32,142,91.0,81,339,10,50
2022,StGB  ,StGB § 261 Abs. 2 Geldwäsche ,51,33,0.6470588235294118,64.70588235294117,3,13,7.0,7,19,0,9
2022,StGB  ,StGB § 261 Abs. 4 Geldwäsche durch Verpflichtete ,24,22,0.9166666666666666,91.66666666666666,1,0,16.0,12,6,4,1
2022,StGB  ,StGB § 261 Abs. 5 Besonders schwere Fälle der Geldwäsche ,172,148,0.8604651162790697,86.04651162790698,5,18,52.0,43,85,9,12
2022,StGB  ,StGB § 261 Abs. 6 Leichtfertige Geldwäsche ,811,697,0.8594327990135635,85.94327990135635,9,80,66.0,60,590,6,66
2022,StGB  ,StGB § 261 Abs. 7 i.V.m. § 261 Abs. 1 bis 6 Geldwäsche ,17,15,0.8823529411764706,88.23529411764706,1,1,3.0,3,10,0,2
2022,StGB  ,StGB § 261 Abs. 9 i.V.m. § 261 Abs. 1 bis 6 Geldwäsche ,1,1,1.0,100.0,0,0,0.0,0,1,0,0
2022,StGB  ,StGB § 263 Abs. 1 Betrug ,73094,59274,0.810928393575396,81.0928393575396,2049,10501,3925.0,3174,54003,751,2616
2022,StGB  ,StGB § 263 Abs. 3 und 5 Schwerwiegende Fälle des Betruges ,6950,5855,0.8424460431654677,84.24460431654677,228,739,5046.0,3803,378,1243,559
2022,StGB  ,StGB § 263 a Computerbetrug ,3324,2566,0.7719614921780987,77.19614921780988,167,458,416.0,318,1890,98,393
2022,StGB  ,StGB § 264 Subventionsbetrug ,2206,1668,0.7561196736174071,75.61196736174071,72,457,272.0,246,1382,26,23
2022,StGB  ,StGB § 264 a Kapitalanlagebetrug ,2,2,1.0,100.0,0,0,0.0,0,1,0,1
2022,StGB  ,StGB § 265 Versicherungsmissbrauch ,76,60,0.7894736842105263,78.94736842105263,1,8,9.0,9,29,0,29
2022,StGB  ,StGB § 265 a Erschleichen von Leistungen ,33781,29884,0.8846392942778485,88.46392942778485,138,2542,1351.0,1001,27282,350,2468
2022,StGB  ,StGB § 265 b Kreditbetrug ,7,7,1.0,100.0,0,0,4.0,4,0,0,3
2022,StGB  ,StGB § 266 Untreue ,828,469,0.5664251207729468,56.64251207729468,70,288,161.0,153,301,8,8
2022,StGB  ,StGB § 266 a Abs. 1 Vorenthalten von Arbeitnehmerbeiträgen durch den Arbeitgeber,4308,3534,0.8203342618384402,82.03342618384401,49,719,521.0,498,3010,23,9
2022,StGB  ,StGB § 266 a Abs. 2 Vorenthalten von Arbeitgeberbeiträgen durch den Arbeitgeber,37,30,0.8108108108108109,81.08108108108108,2,5,6.0,6,24,0,0
2022,StGB  ,StGB § 266 a Abs. 3 Veruntreuen von Arbeitsentgelt durch den Arbeitgeber,5,5,1.0,100.0,0,0,0.0,0,5,0,0
2022,StGB  ,StGB § 266 a Abs. 4 Vorenthalten von Beiträgen durch den Arbeitgeber in besonders schweren Fällen,37,33,0.8918918918918919,89.1891891891892,2,2,30.0,23,3,7,0
2022,StGB  ,StGB § 266 b Missbrauch von Scheck- und Kreditkarten ,9,5,0.5555555555555556,55.55555555555556,1,3,1.0,1,4,0,0
2022,StGB  ,StGB § 267 Abs. 1 Urkundenfälschung ,26807,23866,0.890289849666132,89.0289849666132,452,2081,1882.0,1413,21311,469,1081
2022,StGB  ,StGB § 267 Abs. 3 und 4 Schwerwiegende Fälle der Urkundenfälschung ,310,275,0.8870967741935484,88.70967741935483,6,26,173.0,145,90,28,15
2022,StGB  ,StGB § 268 Fälschung technischer Aufzeichnungen ,93,78,0.8387096774193549,83.87096774193549,2,12,9.0,9,69,0,1
2022,StGB  ,StGB § 269 Fälschung beweiserheblicher Daten ,1638,1363,0.8321123321123322,83.21123321123322,55,167,165.0,141,1138,24,113
2022,StGB  ,StGB § 271 Mittelbare Falschbeurkundung ,180,128,0.7111111111111111,71.11111111111111,10,39,7.0,6,120,1,4
2022,StGB  ,StGB § 273 Verändern von amtlichen Ausweisen ,114,101,0.8859649122807017,88.59649122807018,2,10,9.0,7,92,2,1
2022,StGB  ,"StGB § 274 Urkundenunterdrückung, Veränderung einer Grenzbezeichnung",100,77,0.77,77.0,4,14,3.0,3,71,0,8
2022,StGB  ,StGB § 275 Vorbereitung d. Fälschung v. amtl. Ausweisen Vorber. der Herst. v. unricht. Impfausweisen,237,228,0.9620253164556962,96.20253164556962,0,4,14.0,11,210,3,9
2022,StGB  ,StGB § 276 Verschaffen von falschen amtlichen Ausweisen,882,814,0.9229024943310657,92.29024943310658,11,52,58.0,43,755,15,6
2022,StGB  ,StGB § 276 a i.V.m. § 275 Vorbereitung der Fälschung von aufenthaltsrechtlichen oder Fahrzeugpapieren,2,2,1.0,100.0,0,0,0.0,0,2,0,0
2022,StGB  ,StGB § 276 a i.V.m. § 276 Verschaffen von falschen aufenthaltsrechtlichen oder Fahrzeugpapieren,10,7,0.7,70.0,0,3,0.0,0,7,0,0
2022,StGB  ,StGB § 281 Missbrauch von Ausweispapieren ,770,694,0.9012987012987013,90.12987012987013,14,54,50.0,32,633,18,19
2022,StGB  ,StGB § 283 Bankrott ,886,691,0.7799097065462754,77.99097065462755,14,180,106.0,97,584,9,2
2022,StGB  ,StGB § 283 a Besonders schwerer Fall des Bankrotts ,1,1,1.0,100.0,0,0,1.0,1,0,0,0
2022,StGB  ,StGB § 283 b Verletzung der Buchführungspflicht ,177,138,0.7796610169491526,77.96610169491525,1,38,5.0,5,133,0,0
2022,StGB  ,StGB § 283 c Gläubigerbegünstigung ,8,3,0.375,37.5,0,5,0.0,0,3,0,0
2022,StGB  ,StGB § 283 d Schuldnerbegünstigung ,9,3,0.3333333333333333,33.33333333333333,0,6,0.0,0,3,0,0
2022,StGB  ,"StGB § 284 Abs. 1 und 4, § 287 Unerlaubte Veranstaltung eines Glücksspiels, einer Lotterie oder einer Ausspielung",124,78,0.6290322580645161,62.903225806451616,6,40,1.0,1,77,0,0
2022,StGB  ,StGB § 284 Abs. 3 Unerlaubte Veranstaltung e. gewerbsmäßigen oder bandenmäßigen Glücksspiels,76,49,0.6447368421052632,64.47368421052632,6,21,11.0,11,38,0,0
2022,StGB  ,StGB § 285 Beteiligung am unerlaubten Glücksspiel ,195,149,0.764102564102564,76.41025641025641,8,38,1.0,1,147,0,1
2022,StGB  ,StGB § 291 Abs. 1 Satz 1 Nr. 1 Mietwucher ,21,5,0.23809523809523808,23.809523809523807,4,12,0.0,0,5,0,0
2022,StGB  ,StGB § 291 Abs. 1 Satz 1 Nr. 2 Kreditwucher ,1,1,1.0,100.0,0,0,0.0,0,1,0,0
2022,StGB  ,StGB § 291 Abs. 1 Satz 1 Nrn. 3 und 4 Sonstiger Wucher ,20,11,0.55,55.00000000000001,1,8,1.0,1,8,0,2
2022,StGB  ,StGB § 291 Abs. 2 Besonders schwere Fälle des Wuchers ,16,9,0.5625,56.25,0,7,8.0,8,1,0,0
2022,StGB  ,StGB § 292 Jagdwilderei ,34,20,0.5882352941176471,58.82352941176471,6,8,0.0,0,19,0,1
2022,StGB  ,StGB § 293 Fischwilderei ,353,316,0.8951841359773371,89.51841359773371,1,32,1.0,0,313,1,6
2022,StGB  ,StGB § 298 Wettbewerbsbeschränkende Absprachen bei Ausschreibungen,6,3,0.5,50.0,0,3,1.0,1,2,0,0
2022,StGB  ,StGB § 299 Bestechlichkeit und Bestechung im geschäftlichen Verkehr,30,18,0.6,60.0,0,12,6.0,6,12,0,0
2022,StGB  ,StGB § 300 i.V.m. § 299 Besonders schwere Fälle der Bestechlichkeit und Bestechung im geschäftlichen Verkehr,14,9,0.6428571428571429,64.28571428571429,0,5,7.0,3,2,4,0
2022,StGB  ,"StGB § 300 i.V.m. § 299 a, 299 b Besonders schwere Fälle der Bestechlichkeit und Bestechung im Gesundheitswesen",2,2,1.0,100.0,0,0,1.0,1,1,0,0
2022,StGB  ,StGB § 303 Abs. 1 Sachbeschädigung ,12806,9246,0.7220053100109324,72.20053100109324,413,1797,354.0,242,7811,112,2431
2022,StGB  ,StGB § 303 Abs. 2 Sachbeschädigung ,1027,658,0.6407010710808179,64.07010710808179,18,157,15.0,15,536,0,301
2022,StGB  ,StGB § 303 a Datenveränderung ,37,21,0.5675675675675675,56.75675675675676,0,10,1.0,1,15,0,11
2022,StGB  ,StGB § 303 b Computersabotage ,22,11,0.5,50.0,4,4,3.0,3,7,0,4
2022,StGB  ,StGB § 304 Abs. 1 Gemeinschädliche Sachbeschädigung ,744,444,0.5967741935483871,59.67741935483871,10,71,17.0,12,244,5,402
2022,StGB  ,StGB § 304 Abs. 2 Gemeinschädliche Sachbeschädigung ,125,77,0.616,61.6,2,14,2.0,1,50,1,57
2022,StGB  ,StGB § 305 Zerstoerung von Bauwerken ,7,3,0.42857142857142855,42.857142857142854,0,3,1.0,1,2,0,1
2022,StGB  ,StGB § 305 a Zerstoerung wichtiger Arbeitsmittel ,18,14,0.7777777777777778,77.77777777777779,1,0,2.0,0,10,2,5
2022,StGB  ,StGB § 306 Brandstiftung ,431,317,0.7354988399071926,73.54988399071925,41,23,204.0,115,10,89,153
2022,StGB  ,StGB § 306 a Schwere Brandstiftung ,376,221,0.5877659574468085,58.77659574468085,29,23,186.0,75,4,111,134
2022,StGB  ,StGB § 306 b Besonders schwere Brandstiftung ,21,13,0.6190476190476191,61.904761904761905,1,1,12.0,1,0,11,7
2022,StGB  ,StGB § 306 c Brandstiftung mit Todesfolge ,14,9,0.6428571428571429,64.28571428571429,0,0,7.0,0,0,7,7
2022,StGB  ,StGB § 306 d Fahrlässige Brandstiftung ,472,326,0.690677966101695,69.0677966101695,18,100,28.0,22,281,6,45
2022,StGB  ,StGB § 306 f Herbeiführen einer Brandgefahr ,23,16,0.6956521739130435,69.56521739130434,0,3,1.0,0,15,1,4
2022,StGB  ,"StGB § 315 Gefährliche Eingriffe in den Bahn-, Schiffs- und Luftverkehr",307,213,0.6938110749185668,69.38110749185668,14,55,42.0,32,143,10,53
2022,StGB  ,"StGB § 315 a Gefährdung des Bahn-, Schiffs- und Luftverkehrs",30,22,0.7333333333333333,73.33333333333333,1,7,0.0,0,18,0,4
2022,StGB  ,StGB § 315 b Gefährliche Eingriffe in den Straßenverkehr,1038,570,0.5491329479768786,54.91329479768786,85,319,186.0,146,322,40,126
2022,StGB  ,StGB § 315 c Abs. 1 Nr. 1 a Straßenverkehrs- gefährdung infolge Trunkenheit mit Verkehrs- unfall,9616,9093,0.9456114808652246,94.56114808652246,64,421,209.0,176,8659,33,263
2022,StGB  ,StGB § 315 c Abs. 1 Nr. 1 a Straßenverkehrs- gefährdung infolge Trunkenheit ohne Verkehrsunfall,1680,1334,0.794047619047619,79.4047619047619,34,275,95.0,85,1140,10,136
2022,StGB  ,StGB § 315 c Abs. 1 Nr. 1 b Straßenverkehrs- gefährdung infolge geistiger oder koerperl. Mängel mit Verkehrsunfall,981,774,0.7889908256880734,78.89908256880734,26,168,5.0,4,753,1,29
2022,StGB  ,StGB § 315 c Abs. 1 Nr. 1 b Straßenverkehrs- gefährdung infolge geistiger oder koerperl. Mängel ohne Verkehrsunfall,141,86,0.6099290780141844,60.99290780141844,4,43,2.0,2,77,0,15
2022,StGB  ,StGB § 315 c Abs. 1 Nr. 2 a Nichtbeachten der Vorfahrt mit Verkehrsunfall,145,102,0.7034482758620689,70.34482758620689,5,33,4.0,3,90,1,13
2022,StGB  ,StGB § 315 c Abs. 1 Nr. 2 a Nichtbeachten der Vorfahrt ohne Verkehrsunfall,143,90,0.6293706293706294,62.93706293706294,9,36,11.0,10,74,1,13
2022,StGB  ,StGB § 315 c Abs. 1 Nr. 2 b Falsches Überholen mit Verkehrsunfall ,386,284,0.7357512953367875,73.57512953367875,14,84,5.0,5,265,0,18
2022,StGB  ,StGB § 315 c Abs. 1 Nr. 2 b Falsches Überholen ohne Verkehrsunfall ,480,312,0.65,65.0,39,118,11.0,8,276,3,36
2022,StGB  ,StGB § 315 c Abs. 1 Nr. 2 c Falsches Fahren an Fußgängerüberwegen mit Verkehrsunfall,5,2,0.4,40.0,1,2,0.0,0,2,0,0
2022,StGB  ,StGB § 315 c Abs. 1 Nr. 2 c Falsches Fahren an Fußgängerüberwegen ohne Verkehrsunfall,29,14,0.4827586206896552,48.275862068965516,4,8,1.0,1,12,0,4
2022,StGB  ,StGB § 315 c Abs. 1 Nr. 2 d Zu schnelles Fahren an unübersichtlichen Stellen etc. mit Verkehrsunfall,53,37,0.6981132075471698,69.81132075471697,1,11,2.0,2,22,0,17
2022,StGB  ,StGB § 315 c Abs. 1 Nr. 2 d Zu schnelles Fahren an unübersichtlichen Stellen etc. ohne Verkehrsunfall,64,49,0.765625,76.5625,4,7,4.0,4,35,0,14
2022,StGB  ,StGB § 315 c Abs. 1 Nr. 2 e Nichteinhalten der rechten Fahrbahnseite mit Verkehrsunfall,8,7,0.875,87.5,1,0,0.0,0,5,0,2
2022,StGB  ,StGB § 315 c Abs. 1 Nr. 2 e Nichteinhalten der rechten Fahrbahnseite ohne Verkehrsunfall,8,5,0.625,62.5,0,3,0.0,0,5,0,0
2022,StGB  ,"StGB § 315 c Abs. 1 Nr. 2 f Verbotenes Wenden, Rückwärtsfahren oder ... mit Verkehrsunfall",23,21,0.9130434782608695,91.30434782608695,1,1,0.0,0,21,0,0
2022,StGB  ,"StGB § 315 c Abs. 1 Nr. 2 f Verbotenes Wenden, Rückwärtsfahren oder ... ohne Verkehrsunfall",19,17,0.8947368421052632,89.47368421052632,1,1,2.0,2,14,0,1
2022,StGB  ,StGB § 315 c Abs. 1 Nr. 2 g Nichtkenntlich- machen haltender oder liegengebl. Fahrzeuge mit Verkehrsunfall,9,6,0.6666666666666666,66.66666666666666,0,3,0.0,0,6,0,0
2022,StGB  ,StGB § 315 c Abs. 1 Nr. 2 g Nichtkenntlich- machen haltender oder liegengebl. Fahrzeuge ohne Verkehrsunfall,2,2,1.0,100.0,0,0,0.0,0,2,0,0
2022,StGB  ,StGB § 315 d Abs. 1 Nr. 1 Verbotene Kraftfahrzeugrennen mit Verkehrsunfall,14,7,0.5,50.0,1,6,2.0,2,4,0,1
2022,StGB  ,StGB § 315 d Abs. 1 Nr. 1 Verbotene Kraftfahrzeugrennen ohne Verkehrsunfall,277,177,0.6389891696750902,63.898916967509024,24,68,17.0,12,137,5,31
2022,StGB  ,StGB § 315 d Abs. 1 Nr. 2 Verbotene Kraftfahrzeugrennen mit Verkehrsunfall,13,6,0.46153846153846156,46.15384615384615,3,4,0.0,0,6,0,0
2022,StGB  ,StGB § 315 d Abs. 1 Nr. 2 Verbotene Kraftfahrzeugrennen ohne Verkehrsunfall,384,236,0.6145833333333334,61.458333333333336,34,89,8.0,8,185,0,68
2022,StGB  ,StGB § 315 d Abs. 1 Nr. 3 Verbotene Kraftfahrzeugrennen mit Verkehrsunfall,54,51,0.9444444444444444,94.44444444444444,0,2,2.0,0,38,2,12
2022,StGB  ,StGB § 315 d Abs. 1 Nr. 3 Verbotene Kraftfahrzeugrennen ohne Verkehrsunfall,675,534,0.7911111111111111,79.11111111111111,11,86,58.0,46,370,12,150
2022,StGB  ,"StGB § 315 d Abs. 2, auch i.V.m. Abs. 4 Verbotene Kraftfahrzeugrennen mit Verkehrsunfall",101,85,0.8415841584158416,84.15841584158416,4,4,17.0,15,46,2,30
2022,StGB  ,"StGB § 315 d Abs. 2, auch i.V.m. Abs. 4 Verbotene Kraftfahrzeugrennen ohne Verkehrsunfall",127,92,0.7244094488188977,72.44094488188976,7,12,16.0,12,50,4,42
2022,StGB  ,StGB § 315 d Abs. 5 Verbotene Kraftfahrzeugrennen mit Verkehrsunfall,8,6,0.75,75.0,2,0,5.0,2,0,3,1
2022,StGB  ,StGB § 316 Trunkenheit im Verkehr mit Verkehrsunfall ,7436,7135,0.9595212479827865,95.95212479827865,56,200,157.0,121,6817,36,206
2022,StGB  ,StGB § 316 Trunkenheit im Verkehr ohne Verkehrsunfall ,50604,48599,0.9603786261955577,96.03786261955577,212,1296,1553.0,1232,46001,321,1542
2022,StGB  ,StGB § 316 a Räuberischer Angriff auf Kraftfahrer ,58,51,0.8793103448275862,87.93103448275862,1,3,15.0,5,0,10,39
2022,StGB  ,StGB § 323 a Vollrausch in Verbindung mit Verkehrsunfall,215,212,0.986046511627907,98.6046511627907,0,3,10.0,6,198,4,4
2022,StGB  ,"StGB § 323 a Vollrausch, ohne Verkehrsunfall ",706,675,0.9560906515580736,95.60906515580736,2,24,174.0,124,466,50,40
2022,StGB  ,StGB § 323 b Gefährdung einer Entziehungskur ,6,4,0.6666666666666666,66.66666666666666,2,0,2.0,2,2,0,0
2022,StGB  ,StGB § 323 c Abs. 1 Unterlassene Hilfeleistung ,131,64,0.48854961832061067,48.854961832061065,16,38,4.0,4,47,0,26
2022,StGB  ,StGB § 323 c Abs. 2 Behinderung. v. hilfeleistenden Pers. ,8,3,0.375,37.5,0,5,0.0,0,3,0,0
2022,StGB  ,StGB § 324 Abs. 3 Gewässerverunreinigung - fahrlässig ,62,50,0.8064516129032258,80.64516129032258,0,12,0.0,0,50,0,0
2022,StGB  ,StGB § 324 a Abs. 3 Bodenverunreinigung - fahrlässig ,19,18,0.9473684210526315,94.73684210526315,1,0,0.0,0,18,0,0
2022,StGB  ,"StGB § 324 a, ohne Abs. 3 Bodenverunreinigung - vorsätzlich ",38,26,0.6842105263157895,68.42105263157895,3,9,0.0,0,26,0,0
2022,StGB  ,"StGB § 324, ohne Abs. 3 Gewässerverunreinigung - vorsätzlich ",80,56,0.7,70.0,2,20,0.0,0,54,0,4
2022,StGB  ,StGB § 325 Abs. 1 Luftverunreinigung - vorsätzlich ,3,2,0.6666666666666666,66.66666666666666,0,1,0.0,0,2,0,0
2022,StGB  ,StGB § 326 Abs. 1 Unerlaubter Umgang mit Abfällen - vorsätzlich,780,615,0.7884615384615384,78.84615384615384,20,143,16.0,11,599,5,2
2022,StGB  ,StGB § 326 Abs. 2 Grenzüberschreitende Verbringung von Abfällen - vorsätzlich,3,2,0.6666666666666666,66.66666666666666,0,1,1.0,1,1,0,0
2022,StGB  ,StGB § 326 Abs. 5 Nr. 1 Unerl. Umgang mit Abfällen und grenzüberschr. Verbringung von Abfällen - fahrlässig,121,88,0.7272727272727273,72.72727272727273,4,29,0.0,0,88,0,0
2022,StGB  ,StGB § 327 Abs. 1 Unerlaubtes Betreiben von kerntechnischen Anlagen - vorsätzlich,5,2,0.4,40.0,0,3,0.0,0,2,0,0
2022,StGB  ,StGB § 327 Abs. 2 Unerlaubtes Betreiben anderer Anlagen - vorsätzlich,69,41,0.5942028985507246,59.42028985507246,2,26,0.0,0,41,0,0
2022,StGB  ,StGB § 327 Abs. 2 und 3 Nr. 2 Unerlaubtes Betreiben anderer Anlagen - fahrlässig,6,3,0.5,50.0,0,3,0.0,0,3,0,0
2022,StGB  ,StGB § 328 Abs. 1 bis 3 Unerlaubter Umgang mit radioaktiven und anderen gefährlichen Stoffen und Gütern - vorsätzlich,11,5,0.45454545454545453,45.45454545454545,0,5,1.0,1,4,0,1
2022,StGB  ,StGB § 329 Abs. 4 Schädigung von Natura2000-Gebieten - vorsätzlich,4,1,0.25,25.0,1,2,0.0,0,1,0,0
2022,StGB  ,StGB § 330 Besonders schwerer Fall einer Umweltstraftat,14,9,0.6428571428571429,64.28571428571429,0,5,8.0,6,0,2,1
2022,StGB  ,StGB § 331 Vorteilsannahme ,10,5,0.5,50.0,1,4,1.0,1,4,0,0
2022,StGB  ,StGB § 332 Bestechlichkeit ,36,20,0.5555555555555556,55.55555555555556,0,15,16.0,15,4,1,1
2022,StGB  ,StGB § 333 Vorteilsgewährung ,22,8,0.36363636363636365,36.36363636363637,2,12,0.0,0,8,0,0
2022,StGB  ,StGB § 334 Bestechung ,130,102,0.7846153846153846,78.46153846153847,7,19,32.0,25,68,7,4
2022,StGB  ,StGB § 335 Besonders schwere Fälle der Bestechlichkeit und Bestechung,14,14,1.0,100.0,0,0,14.0,10,0,4,0
2022,StGB  ,StGB § 339 Rechtsbeugung ,3,1,0.3333333333333333,33.33333333333333,2,0,0.0,0,1,0,0
2022,StGB  ,StGB § 340 Koerperverletzung im Amt ,59,14,0.23728813559322035,23.728813559322035,11,34,2.0,2,12,0,0
2022,StGB  ,StGB § 343 Aussageerpressung ,1,1,1.0,100.0,0,0,1.0,1,0,0,0
2022,StGB  ,StGB § 348 Falschbeurkundung im Amt ,48,19,0.3958333333333333,39.58333333333333,9,20,4.0,4,15,0,0
2022,StGB  ,StGB § 353 b Verletzung des Dienstgeheimnisses und einer besonderen Geheimhaltungspflicht,26,20,0.7692307692307693,76.92307692307693,2,4,0.0,0,19,0,1
2022,StGB  ,StGB § 353 d Verbotene Mitteilungen über Gerichtsverhandlungen,12,9,0.75,75.0,0,3,0.0,0,9,0,0
2022,StGB  ,StGB § 356 Parteiverrat ,21,7,0.3333333333333333,33.33333333333333,3,11,3.0,3,4,0,0
2022,StGB  ,StGB § 86 Verbreiten von Propagandamitteln verfassungs- widriger und terroristischer Organisationen,868,700,0.8064516129032258,80.64516129032258,27,53,48.0,34,617,14,123
2022,StGB  ,StGB § 86 a Verwenden von Kennzeichen verfassungs- widriger und terroristischer Organisationen,1744,1315,0.7540137614678899,75.40137614678899,64,194,92.0,59,1133,33,261
2022,StGB  ,StGB § 89 a Vorbereitung einer schweren staatsgefährdenden Gewalttat,9,8,0.8888888888888888,88.88888888888889,0,1,4.0,1,1,3,3
2022,StGB  ,StGB § 89 c Terrorismusfinanzierung ,6,6,1.0,100.0,0,0,6.0,2,0,4,0
2022,StGB  ,StGB § 90 a Verunglimpfung des Staates und seiner Symbole,13,5,0.38461538461538464,38.46153846153847,1,4,1.0,0,4,1,3
2022,StGB  ,StGB § 91 Anleitung zur Begehung einer schweren staatsgefährdenden Gewalttat,1,1,1.0,100.0,0,0,0.0,0,0,0,1
2022,StGB  ,StGB § 99 Geheimdienstliche Agententätigkeit,5,5,1.0,100.0,0,0,5.0,5,0,0,0
2022,StGB  ,"StGB §§ 102, 104 Straftaten gegen ausländische Staaten ",1,1,1.0,100.0,0,0,0.0,0,0,0,1
2022,StGB  ,"StGB §§ 105, 106 Noetigung von Verfassungsorganen ",6,5,0.8333333333333334,83.33333333333334,0,0,0.0,0,0,0,6
2022,StGB  ,StGB §§ 107 bis 108 b Wahlvergehen ,9,4,0.4444444444444444,44.44444444444444,0,5,1.0,1,3,0,0
2022,StGB  ,"StGB §§ 123, 124 Hausfriedensbruch ",4663,3399,0.7289298734720138,72.89298734720137,61,827,107.0,61,3047,46,621
2022,StGB  ,"StGB §§ 142, 315 b bis d,316 sowie 222,229, §§ 323 a i.V.m. Verkehrsunfall, StVG §§ 21, §§ 22,22 a,22 b Straftaten im Straßenverkehr",185490,164153,0.8849695401369346,88.49695401369347,2731,15873,7460.0,5986,152574,1474,6852
2022,StGB  ,"StGB §§ 146 bis 149 Geld-, Wertzeichen- und Wertpapierfälschung ",516,361,0.6996124031007752,69.96124031007753,64,52,180.0,144,86,36,134
2022,StGB  ,"StGB §§ 166, 167 Religions- und Weltanschauungs- delikte",18,13,0.7222222222222222,72.22222222222221,1,4,1.0,0,10,1,2
2022,StGB  ,"StGB §§ 167 a, 168 Stoerung einer Bestattungsfeier, Stoerung der Totenruhe",23,19,0.8260869565217391,82.6086956521739,0,3,1.0,1,18,0,1
2022,StGB  ,"StGB §§ 212, 213 Totschlag ",450,286,0.6355555555555555,63.55555555555556,32,13,246.0,18,0,228,159
2022,StGB  ,"StGB §§ 257, 258 und 258 a Begünstigung und Strafvereitelung Strafvereitelung im Amt",1060,795,0.75,75.0,51,146,49.0,40,687,9,127
2022,StGB  ,"StGB §§ 277, 278 und 279 Andere Straftaten der Urkundenfälschung ",2207,1904,0.8627095604893521,86.2709560489352,45,201,5.0,5,1869,0,87
2022,StGB  ,"StGB §§ 288, 289 Vereiteln der Zwangsvollstreckung, Pfandkehr ",113,64,0.5663716814159292,56.63716814159292,13,35,5.0,5,59,0,1
2022,StGB  ,"StGB §§ 290, 297 Andere Straftaten des strafbaren Eigennutzes",1,1,1.0,100.0,0,0,0.0,0,1,0,0
2022,StGB  ,"StGB §§ 307, 308 Herbeiführen einer Explosion ",246,188,0.7642276422764228,76.42276422764228,14,21,118.0,57,17,61,76
2022,StGB  ,"StGB §§ 309, 310, 313, 314, 318 und 319 Andere gemeingefährliche Straftaten ",34,15,0.4411764705882353,44.11764705882353,4,15,5.0,1,10,4,0
2022,StGB  ,"StGB §§ 316 b, 317 Stoerung oeffentlicher Betriebe und von Telekommunikationsanlagen",53,30,0.5660377358490566,56.60377358490566,0,21,1.0,1,25,0,6
2022,StGB  ,"StGB §§ 344, 345 Verfolgung Unschuldiger, Vollstreckung gegen Unschuldige",3,1,0.3333333333333333,33.33333333333333,2,0,1.0,1,0,0,0
2022,StGB  ,"StGB §§ 352, 353 Gebühren- und Abgabenüberhebung, Leistungskürzung",4,2,0.5,50.0,1,1,0.0,0,2,0,0
2022,StGB  ,StGB §§ 81 bis 83 Hochverrat ,1,1,1.0,100.0,0,0,0.0,0,1,0,0
2022,StGB  ,"StGB §§ 94, 97 a Landesverrat und Verrat illegaler Geheimnisse",1,1,1.0,100.0,0,0,1.0,0,0,1,0
2022,StGB  ,"StGB §§ 95, 97 Offenbaren und Preisgabe von Staatsgeheimnissen",5,2,0.4,40.0,0,3,1.0,1,1,0,0
2022,StGB  ,"StGB §§ 96, 97 b Andere Straftaten wg. Verrats von Staatsge- heimnissen bzw. zum Schutz von Staatsgeh.",4,3,0.75,75.0,0,1,2.0,2,1,0,0
2022,StGB  ,Straftaten im Straßenverkehr in Trunkenheit mit Verkehrsunfall ,23962,22865,0.9542191803689175,95.42191803689175,139,822,767.0,640,21429,127,805
2022,StGB  ,Straftaten im Straßenverkehr in Trunkenheit ohne Verkehrsunfall ,52284,49933,0.955034044832071,95.5034044832071,246,1571,1648.0,1317,47141,331,1678
2022,StGB  ,Straftaten im Straßenverkehr nach dem StGB in Trunkenheit zusammen,76246,72798,0.9547779555648821,95.4777955564882,385,2393,2415.0,1957,68570,458,2483
2022,StGB  ,Straftaten im Straßenverkehr nach dem StGB insgesamt Summe 7001 bis 7041,124131,109030,0.8783462632219188,87.83462632219188,1919,11604,3161.0,2558,102897,603,4550
2022,StGB  ,Straftaten im Straßenverkehr nach dem StGB und StVG ohne Trunkenheit zusammen,109244,91355,0.8362472996228626,83.62472996228625,2346,13480,5045.0,4029,84004,1016,4369
2022,StGB  ,Straftaten im Straßenverkehr ohne Trunkenheit mit Verkehrsunfall ,46550,35888,0.7709559613319011,77.09559613319011,1338,8562,563.0,445,34422,118,1665
2022,StGB  ,Straftaten im Straßenverkehr ohne Trunkenheit ohne Verkehrsunfall ,62694,55467,0.8847258110824002,88.47258110824002,1008,4918,4482.0,3584,49582,898,2704
2022,StGB  ,Trunkenheit im Verkehr nach § 316 StGB insgesamt ,58040,55734,0.9602687801516195,96.02687801516196,268,1496,1710.0,1353,52818,357,1748
2022,StGB  ,Unerlaubtes Entfernen vom Unfallort insgesamt (§ 142 StGB) ,36491,28207,0.7729851196185361,77.2985119618536,1150,6538,433.0,360,27012,73,1358
2022,StGB  ,Verbotene Kraftfahrzeugrennen nach § 315 d StGB insgesamt ,1654,1194,0.7218863361547763,72.18863361547763,86,272,125.0,97,836,28,335
2022,StGB  ,Verbotene Kraftfahrzeugrennen nach § 315 d StGB mit Verkehrsunfall ,190,155,0.8157894736842105,81.57894736842105,10,16,26.0,19,94,7,44
2022,StGB  ,Verbotene Kraftfahrzeugrennen nach § 315 d StGB ohne Verkehrsunfall ,1464,1039,0.7096994535519126,70.96994535519126,76,256,99.0,78,742,21,291
2022,StGBoV  ,Straftaten ohne Straftaten im Straßenverkehr nach dem StGB insgesamt Summe 1012 bis 1686,475914,370989,0.7795294948246952,77.95294948246952,14567,66172,60110.0,41438,280115,18672,54950
2023,StGB  ,Gefährdung des Straßenverkehrs nach § 315 c StGB insgesamt ,14272,12657,0.8868413677130045,88.68413677130044,228,1276,363.0,310,11845,53,560
2023,StGB  ,Gefährdung des Straßenverkehrs nach § 315 c StGB mit Verkehrsunfall ,11750,10791,0.9183829787234042,91.83829787234042,125,777,239.0,208,10250,31,359
2023,StGB  ,Gefährdung des Straßenverkehrs nach § 315 c StGB ohne Verkehrsunfall ,2522,1866,0.7398889770023791,73.98889770023791,103,499,124.0,102,1595,22,201
2023,StGB  ,Menschenraub StGB § 234 ,5,5,1.0,100.0,0,0,4.0,0,0,4,1
2023,StGB  ,"StGB 1. Abschnitt, §§ 80 a bis 92 b Friedensverrat, Hochverrat und Gefährdung des demokratischen Rechtsstaates",2851,2244,0.7870922483339179,78.70922483339179,96,277,150.0,99,1940,51,388
2023,StGB  ,"StGB 10. Abschnitt, §§ 164 und 165 Falsche Verdächtigung ",3601,2537,0.704526520410997,70.4526520410997,193,665,133.0,102,2200,31,410
2023,StGB  ,"StGB 11. Abschnitt, §§ 166 bis 168 Straftaten, welche sich auf Religion und Weltanschauung beziehen",46,31,0.6739130434782609,67.3913043478261,0,11,2.0,1,28,1,5
2023,StGB  ,"StGB 12. Abschnitt, §§ 169 bis 173 Straftaten gegen den Personenstand, die Ehe und die Familie",927,525,0.5663430420711975,56.63430420711975,18,383,216.0,211,309,5,1
2023,StGB  ,"StGB 13. Abschnitt, §§ 174 bis 184 l Straftaten gegen die sexuelle Selbstbestimmung",15031,11273,0.7499833677067395,74.99833677067394,1129,1366,5425.0,4141,4226,1284,2885
2023,StGB  ,"StGB 14. Abschnitt, §§ 185 bis 200 Beleidigung ",30658,24643,0.8038032487442103,80.38032487442102,617,4411,849.0,579,22741,270,2040
2023,StGB  ,"StGB 16. Abschnitt, §§ 211 bis 222 (o.V.) Straftaten gegen das Leben (o.V.) ",1059,682,0.6440037771482531,64.40037771482531,76,119,524.0,53,104,471,236
2023,StGB  ,"StGB 19. Abschnitt, §§ 242 bis 248 c Diebstahl und Unterschlagung ",126758,104405,0.8236561006011455,82.36561006011455,2060,12024,18365.0,11073,76523,7292,17786
2023,StGB  ,"StGB 2. Abschnitt, §§ 93 bis 101 a Landesverrat und Gefährdung der äußeren Sicherheit",12,9,0.75,75.0,0,1,3.0,3,4,0,4
2023,StGB  ,"StGB 20. Abschnitt, §§ 249 bis 256, 316a Raub und Erpressung, räuberischer Angriff auf Kraftfahrer ",8638,6201,0.7178745079879602,71.78745079879602,577,913,3040.0,1354,448,1686,3660
2023,StGB  ,"StGB 21. Abschnitt, §§ 257 bis 262 Begünstigung und Hehlerei ",5599,4377,0.7817467404893731,78.1746740489373,209,744,788.0,623,3140,165,718
2023,StGB  ,"StGB 22. Abschnitt, §§ 263 bis 266 b Betrug und Untreue ",110931,90939,0.8197798631581794,81.97798631581794,2683,14697,10515.0,8344,77563,2171,5473
2023,StGB  ,"StGB 23. Abschnitt, §§ 267 bis 282 Urkundenfälschung ",29231,25063,0.8574116520132736,85.74116520132736,638,2969,2335.0,1773,22030,562,1259
2023,StGB  ,"StGB 24. Abschnitt, §§ 283 bis 283 d Insolvenzstraftaten ",1016,802,0.7893700787401575,78.93700787401575,17,197,82.0,75,718,7,2
2023,StGB  ,"StGB 25. Abschnitt, §§ 284 bis 297 Strafbarer Eigennutz ",1146,840,0.7329842931937173,73.29842931937172,59,238,39.0,37,799,2,11
2023,StGB  ,"StGB 26. Abschnitt, §§ 298 bis 301 Straftaten gegen den Wettbewerb ",77,31,0.4025974025974026,40.25974025974026,3,42,18.0,14,13,4,1
2023,StGB  ,"StGB 27. Abschnitt, §§ 303 bis 305 a Sachbeschädigung ",14124,9990,0.7073067119796091,70.73067119796092,397,2005,440.0,305,8363,135,2919
2023,StGB  ,"StGB 28. Abschnitt, §§ 306 bis 323c, ohne §§ 315 b bis d, ohne §§ 316,316 a und ohne § 323 a i.V.m. Verkehrsunfall Gemeingefährliche Straftaten",2829,2130,0.7529162248144221,75.2916224814422,131,279,716.0,434,1098,282,605
2023,StGB  ,"StGB 29. Abschnitt, §§ 324 bis 330 a Straftaten gegen die Umwelt ",1086,797,0.7338858195211786,73.38858195211786,28,255,25.0,22,766,3,12
2023,StGB  ,"StGB 3. Abschnitt, §§ 102 bis 104 a Straftaten gegen ausländische Staaten ",3,2,0.6666666666666666,66.66666666666666,0,1,0.0,0,2,0,0
2023,StGB  ,"StGB 30. Abschnitt, §§ 331 bis 358 Straftaten im Amt ",507,319,0.6291913214990138,62.91913214990138,46,136,111.0,100,202,11,12
2023,StGB  ,"StGB 4. Abschnitt, §§ 105 bis 108 e Straftaten gegen Verfassungsorgane sowie bei Wahlen und Abstimmungen",20,9,0.45,45.0,4,2,0.0,0,5,0,9
2023,StGB  ,"StGB 6. Abschnitt, §§ 111 bis 121 Widerstand gegen die Staatsgewalt ",16937,14038,0.828836275609612,82.8836275609612,257,2066,3780.0,2933,9059,847,1775
2023,StGB  ,"StGB 8. Abschnitt, §§ 146 bis 152 c Geld- und Wertzeichenfälschung ",511,347,0.6790606653620352,67.90606653620353,61,53,176.0,124,86,52,135
2023,StGB  ,"StGB 9. Abschnitt, §§ 153 bis 162 Falsche uneidliche Aussage und Meineid ",3159,2188,0.6926242481798037,69.26242481798037,178,685,290.0,251,1709,39,297
2023,StGB  ,StGB § 100 a Landesverräterische Fälschung,2,1,0.5,50.0,0,0,0.0,0,0,0,2
2023,StGB  ,StGB § 113 Widerstand gegen Vollstreckungsbeamte ,6883,5658,0.8220252796745605,82.20252796745605,106,887,917.0,715,4320,202,653
2023,StGB  ,StGB § 114 Tätl. Angriff auf Vollstreckungsbeamte ,9353,7935,0.8483908906233294,84.83908906233295,125,976,2747.0,2122,4425,625,1080
2023,StGB  ,"StGB § 115 Abs.1,2 i.V.m. §§ 113, 114 Widerstand gg. o. tätl. Angriff auf Pers., die Vollstreckungsbeamten gleichstehen",261,123,0.47126436781609193,47.12643678160919,16,115,45.0,39,75,6,10
2023,StGB  ,"StGB § 115 Abs.3 i.V.m. §§ 113, 114 Widerstand gg.o.tätl. Angriff a. Hilfeleis. von Feuerwehr, Katast.-schutz o. Rettungsd.",217,169,0.7788018433179723,77.88018433179722,2,36,56.0,46,102,10,21
2023,StGB  ,StGB § 120 Gefangenenbefreiung ,39,17,0.4358974358974359,43.58974358974359,0,15,1.0,1,16,0,7
2023,StGB  ,StGB § 121 Gefangenenmeuterei ,14,14,1.0,100.0,0,0,5.0,4,8,1,1
2023,StGB  ,StGB § 125 Landfriedensbruch ,138,69,0.5,50.0,11,51,3.0,2,63,1,10
2023,StGB  ,StGB § 125 a Besonders schwerer Fall des Landfriedensbruchs,53,35,0.660377358490566,66.0377358490566,8,6,23.0,19,3,4,13
2023,StGB  ,StGB § 126 a Gefährdendes Verbreiten personenbezogener Daten,6,6,1.0,100.0,0,0,0.0,0,6,0,0
2023,StGB  ,StGB § 128 Bildung bewaffneter Gruppen ,1,1,1.0,100.0,0,0,0.0,0,1,0,0
2023,StGB  ,StGB § 129 Bildung krimineller Vereinigungen ,23,17,0.7391304347826086,73.91304347826086,1,5,17.0,9,0,8,0
2023,StGB  ,StGB § 129 a Bildung terroristischer Vereinigungen ,27,27,1.0,100.0,0,0,25.0,8,0,17,2
2023,StGB  ,StGB § 129 b i.V.m. § 129 a Bildung terroristischer Vereinigungen im Ausland,14,14,1.0,100.0,0,0,14.0,8,0,6,0
2023,StGB  ,StGB § 130 Abs. 1 Volksverhetzung durch Aufstachelung zum Hass oder vergleichbare Äußerungen,843,619,0.734282325029656,73.4282325029656,33,128,109.0,85,481,24,92
2023,StGB  ,StGB § 130 Abs. 2 Volksverhetzung durch Verbreiten volksverhetzender Inhalte ,191,139,0.7277486910994765,72.77486910994764,4,21,1.0,0,129,1,36
2023,StGB  ,"StGB § 130 Abs. 4 Volksverhetzung durch Billigung, Verherrlichung o. Rechtfertigung der nat.soz. Gewalt- und Willkürherrschaft",4,4,1.0,100.0,0,0,1.0,0,3,1,0
2023,StGB  ,StGB § 130 a Anleitung zu Straftaten ,1,1,1.0,100.0,0,0,0.0,0,1,0,0
2023,StGB  ,StGB § 131 Gewaltdarstellung ,27,16,0.5925925925925926,59.25925925925925,2,1,1.0,1,13,0,10
2023,StGB  ,StGB § 132 Amtsanmaßung ,115,80,0.6956521739130435,69.56521739130434,6,25,3.0,1,71,2,10
2023,StGB  ,"StGB § 132 a Missbrauch von Titeln, Berufsbezeich- nungen und Abzeichen",111,78,0.7027027027027027,70.27027027027027,2,29,6.0,4,71,2,3
2023,StGB  ,StGB § 133 Verwahrungsbruch ,33,29,0.8787878787878788,87.87878787878788,1,3,1.0,1,27,0,1
2023,StGB  ,"StGB § 136 Verstrickungsbruch, Siegelbruch ",102,80,0.7843137254901961,78.43137254901961,4,18,4.0,1,75,3,1
2023,StGB  ,StGB § 138 Nichtanzeige geplanter Straftaten ,56,48,0.8571428571428571,85.71428571428571,2,2,3.0,2,42,1,7
2023,StGB  ,StGB § 140 Belohnung und Billigung von Straftaten ,216,171,0.7916666666666666,79.16666666666666,5,33,4.0,4,163,0,11
2023,StGB  ,StGB § 142 Abs. 1 Unerl. Entf. vom Unfallort vor Feststellung d. Unfallbeteiligung in Trunkenheit,4767,4579,0.960562198447661,96.0562198447661,18,144,205.0,170,4222,35,178
2023,StGB  ,StGB § 142 Abs. 1 Unerl. Entf. vom Unfallort vor Feststellung d. Unfallbeteiligung insgesamt,37705,29268,0.7762365733987535,77.62365733987535,1073,6770,440.0,364,28058,76,1364
2023,StGB  ,StGB § 142 Abs. 1 Unerl. Entf. vom Unfallort vor Feststellung d. Unfallbeteiligung ohne Trunkenheit bzw. Trunkenheit nicht bekannt,32938,24689,0.7495597789786872,74.95597789786872,1055,6626,235.0,194,23836,41,1186
2023,StGB  ,StGB § 142 Abs. 2 Entf. vom Unfallort ohne nachträgl. Meldung d. Unfallbeteiligung in Trunkenheit,4,4,1.0,100.0,0,0,0.0,0,3,0,1
2023,StGB  ,StGB § 142 Abs. 2 Entf. vom Unfallort ohne nachträgl. Meldung d. Unfallbeteiligung insgesamt,150,116,0.7733333333333333,77.33333333333333,5,28,1.0,1,111,0,5
2023,StGB  ,StGB § 142 Abs. 2 Entf. vom Unfallort ohne nachträgl. Meldung d. Unfallbeteiligung ohne Trunkenheit bzw. Trunkenheit nicht bekannt,146,112,0.7671232876712328,76.71232876712328,5,28,1.0,1,108,0,4
2023,StGB  ,StGB § 145 Missbrauch von Notrufen und Beeinträchtigung von Unfallverhütungs- und Nothilfemitteln,824,624,0.7572815533980582,75.72815533980582,20,115,16.0,14,542,2,131
2023,StGB  ,StGB § 145 a Verstoß gegen Weisungen während der Führungsaufsicht,980,746,0.7612244897959184,76.12244897959184,21,210,332.0,168,408,164,9
2023,StGB  ,StGB § 145 d Vortäuschen einer Straftat ,1331,986,0.7407963936889557,74.07963936889557,49,211,29.0,23,862,6,180
2023,StGB  ,StGB § 152 b Fälschung von Zahlungskarten mit Garantiefunktion ,18,17,0.9444444444444444,94.44444444444444,0,1,16.0,8,1,8,0
2023,StGB  ,"StGB § 152 i.V.m. §§ 146-149 Geld-, Wert- zeichen und -papierfälschung von Geld,Wert- zeichen u. -papieren e. fremden Währungsgeb.",4,1,0.25,25.0,1,1,0.0,0,1,0,1
2023,StGB  ,StGB § 153 Falsche uneidliche Aussage ,2088,1401,0.6709770114942529,67.09770114942529,127,456,233.0,200,985,33,287
2023,StGB  ,StGB § 154 Meineid ,49,32,0.6530612244897959,65.3061224489796,6,9,23.0,21,4,2,7
2023,StGB  ,StGB § 156 Falsche Versicherung an Eides Statt ,977,725,0.7420675537359263,74.20675537359263,45,205,34.0,30,690,4,3
2023,StGB  ,StGB § 160 Verleitung zur Falschaussage ,5,1,0.2,20.0,0,4,0.0,0,1,0,0
2023,StGB  ,"StGB § 161 Fahrlässiger Falscheid, fahrlässige falsche Versicherung an Eides Statt",40,29,0.725,72.5,0,11,0.0,0,29,0,0
2023,StGB  ,StGB § 164 Falsche Verdächtigung ,3601,2537,0.704526520410997,70.4526520410997,193,665,133.0,102,2200,31,410
2023,StGB  ,StGB § 170 Abs. 1 Verletzung der Unterhaltspflicht ,841,463,0.5505350772889417,55.05350772889417,17,361,203.0,200,260,3,0
2023,StGB  ,StGB § 170 Abs. 2 Verletzung der Unterhaltspflicht gegenüber einer Schwangeren,5,4,0.8,80.0,0,1,1.0,1,3,0,0
2023,StGB  ,StGB § 171 Verletzung der Fürsorge- oder Erziehungspflicht,75,53,0.7066666666666667,70.66666666666667,1,20,9.0,7,44,2,1
2023,StGB  ,StGB § 172 Doppelehe doppelte Lebenspartnerschaft,1,1,1.0,100.0,0,0,1.0,1,0,0,0
2023,StGB  ,StGB § 173 Beischlaf zwischen Verwandten ,5,4,0.8,80.0,0,1,2.0,2,2,0,0
2023,StGB  ,StGB § 174 Sexueller Missbrauch von Schutzbefohlenen ,84,67,0.7976190476190477,79.76190476190477,10,7,52.0,43,15,9,0
2023,StGB  ,"StGB § 174 c Abs. 1 Sexueller Missbrauch unter Ausnutzung eines Beratungs-, Behandlungs- oder Betreuungsverhältnisses",23,14,0.6086956521739131,60.86956521739131,2,7,11.0,11,3,0,0
2023,StGB  ,StGB § 176 Sexueller Missbrauch von Kindern ,1185,842,0.7105485232067511,71.05485232067511,95,83,628.0,461,12,167,367
2023,StGB  ,StGB § 176 b Vorbereitung des sexuellen Missbrauchs von Kindern,59,47,0.7966101694915254,79.66101694915254,0,4,19.0,18,23,1,13
2023,StGB  ,StGB § 176 c Schwerer sexueller Missbrauch von Kindern ,647,559,0.8639876352395672,86.39876352395672,47,12,466.0,120,8,346,114
2023,StGB  ,StGB § 176 d Sexueller Missbrauch von Kindern mit Todesfolge,2,1,0.5,50.0,0,1,1.0,1,0,0,0
2023,StGB  ,StGB § 177 Abs. 1 Sexuelle Handlungen gegen den erkennbaren Willen,620,283,0.45645161290322583,45.645161290322584,178,105,193.0,176,44,17,100
2023,StGB  ,"StGB § 177 Abs. 2 Nr. 1, Abs. 4 Sexuelle Handlungen unt. Ausnutzen der Unfähigkeit z.Willensbildung od.-äußerung",107,61,0.5700934579439252,57.009345794392516,26,14,45.0,44,8,1,14
2023,StGB  ,"StGB § 177 Abs. 2 Nr. 2,3,4,5 Sex.Handlungen unt.Ausnutzung and.Einschränk. d. Fähigkeit z.Willensbild.od.-betätigung",122,89,0.7295081967213115,72.95081967213115,14,13,48.0,45,30,3,17
2023,StGB  ,"StGB § 177 Abs. 5 Sex. Handlungen unt. Anwendung v. Gewalt, Drohung od. Ausnutzen einer schutzl. Lage",580,389,0.6706896551724137,67.06896551724138,75,59,324.0,241,16,83,106
2023,StGB  ,StGB § 177 Abs. 6 Nr. 1 Vergewaltigung ,1061,688,0.648444863336475,64.8444863336475,244,34,502.0,245,0,257,281
2023,StGB  ,"StGB § 177 Abs. 6 Nr. 2, Abs. 7,8 Gemeinschaftlich begangener od. anderer schwerer sexueller Übergriff",148,104,0.7027027027027027,70.27027027027027,19,5,86.0,23,1,63,37
2023,StGB  ,StGB § 181 a Zuhälterei ,14,11,0.7857142857142857,78.57142857142857,1,2,7.0,4,1,3,3
2023,StGB  ,"StGB § 182 Abs. 1, 2 Sexueller Missbrauch von Jugendlichen unter Ausnutzung einer Zwangslage oder gegen Entgelt",75,58,0.7733333333333333,77.33333333333333,4,13,28.0,25,26,3,4
2023,StGB  ,StGB § 182 Abs. 3 Sexueller Missbrauch von Jugendlichen unter Ausnutzung fehlender Fähigkeit zur sexuellen Selbstbestimmung,14,11,0.7857142857142857,78.57142857142857,1,2,9.0,8,2,1,0
2023,StGB  ,StGB § 183 Exhibitionistische Handlungen ,814,648,0.7960687960687961,79.60687960687962,44,111,70.0,51,566,19,23
2023,StGB  ,"StGB § 184 Verbreitung ""einfacher"" pornographischer Inhalte",555,423,0.7621621621621621,76.21621621621621,11,67,23.0,23,376,0,78
2023,StGB  ,StGB § 184 a Verbreitung gewalt- oder tierpornographischer Inhalte,28,19,0.6785714285714286,67.85714285714286,0,4,0.0,0,15,0,9
2023,StGB  ,"StGB § 184 b Verbreitung, Erwerb und Besitz kinderpornographischer Inhalte",4939,4008,0.8115003037052034,81.15003037052034,175,249,2541.0,2299,763,242,1211
2023,StGB  ,"StGB § 184 c Verbreitung, Erwerb und Besitz jugendpornographischer Inhalte",481,345,0.7172557172557172,71.72557172557173,5,41,38.0,35,232,3,165
2023,StGB  ,"StGB § 184 e i.V.m. §§ 184 b, 184 c Veranstaltung und Besuch kinder- und jugendpornogr. Darbietungen",4,3,0.75,75.0,0,1,0.0,0,3,0,0
2023,StGB  ,StGB § 184 f Ausübung der verbotenen Prostitution ,123,112,0.9105691056910569,91.05691056910568,2,9,4.0,3,108,1,0
2023,StGB  ,StGB § 184 i Sexuelle Belästigung ,2608,1919,0.7358128834355828,73.58128834355828,144,451,93.0,73,1725,20,195
2023,StGB  ,StGB § 184 j Straftaten aus Gruppen ,3,1,0.3333333333333333,33.33333333333333,0,1,0.0,0,0,0,2
2023,StGB  ,StGB § 184 k Verletzung des Intimbereichs durch Bildaufnahmen,49,39,0.7959183673469388,79.59183673469387,2,5,1.0,1,37,0,4
2023,StGB  ,"StGB § 184 l Inverkehrbringen, Erwerb und Besitz von Sexpuppen mit kindlichem Erscheinungsbild",4,4,1.0,100.0,0,0,1.0,1,3,0,0
2023,StGB  ,StGB § 185 Beleidigung ,29435,23830,0.8095804314591473,80.95804314591473,569,4087,814.0,551,21982,263,1983
2023,StGB  ,StGB § 186 Üble Nachrede ,457,277,0.6061269146608315,60.61269146608315,24,143,4.0,1,272,3,14
2023,StGB  ,StGB § 187 Verleumdung ,469,281,0.5991471215351812,59.914712153518124,18,149,14.0,12,250,2,38
2023,StGB  ,"StGB § 188 Gegen Personen des politischen Lebens gerich- tete Beleidigung,üble Nachrede u. Verleumdung",232,206,0.8879310344827587,88.79310344827587,4,22,15.0,13,191,2,0
2023,StGB  ,StGB § 189 Verunglimpfung des Andenkens Verstorbener ,19,15,0.7894736842105263,78.94736842105263,1,2,2.0,2,12,0,2
2023,StGB  ,StGB § 192 a Verhetzende Beleidigung ,46,34,0.7391304347826086,73.91304347826086,1,8,0.0,0,34,0,3
2023,StGB  ,StGB § 201 Verletzung der Vertraulichkeit des Wortes ,419,298,0.711217183770883,71.1217183770883,16,94,8.0,6,278,2,23
2023,StGB  ,StGB § 202 Verletzung des Briefgeheimnisses ,21,12,0.5714285714285714,57.14285714285714,2,7,0.0,0,11,0,1
2023,StGB  ,StGB § 202 a Ausspähen von Daten ,69,42,0.6086956521739131,60.86956521739131,4,18,1.0,1,41,0,5
2023,StGB  ,StGB § 202 b Abfangen von Daten ,5,2,0.4,40.0,1,2,0.0,0,2,0,0
2023,StGB  ,StGB § 202 c Vorbereiten des Ausspähens und Abfangens von Daten,3,1,0.3333333333333333,33.33333333333333,1,1,1.0,1,0,0,0
2023,StGB  ,StGB § 202 d Datenhehlerei ,8,8,1.0,100.0,0,0,1.0,1,7,0,0
2023,StGB  ,StGB § 203 Verletzung von Privatgeheimnissen ,14,7,0.5,50.0,2,4,0.0,0,6,0,2
2023,StGB  ,StGB § 204 Verwertung fremder Geheimnisse ,2,1,0.5,50.0,0,1,0.0,0,0,0,1
2023,StGB  ,StGB § 206 Verletzung des Post- oder Fernmeldegeheimnisses,364,327,0.8983516483516484,89.83516483516483,14,21,35.0,33,283,2,11
2023,StGB  ,StGB § 211 Mord ,139,110,0.7913669064748201,79.13669064748201,7,6,102.0,1,0,101,24
2023,StGB  ,"StGB § 211 i.V.m. §§ 22, 23 Versuchter Mord ",121,87,0.71900826446281,71.900826446281,5,1,81.0,2,0,79,34
2023,StGB  ,StGB § 218 Schwangerschaftsabbruch ,12,6,0.5,50.0,1,5,5.0,3,1,2,0
2023,StGB  ,StGB § 221 Aussetzung ,14,11,0.7857142857142857,78.57142857142857,0,0,8.0,3,0,5,6
2023,StGB  ,StGB § 225 Misshandlung von Schutzbefohlenen ,179,76,0.4245810055865922,42.45810055865922,39,62,68.0,53,6,15,4
2023,StGB  ,StGB § 231 Beteiligung an einer Schlägerei ,4,2,0.5,50.0,0,1,1.0,1,0,0,2
2023,StGB  ,StGB § 232 Menschenhandel ,8,2,0.25,25.0,1,3,1.0,1,0,0,3
2023,StGB  ,StGB § 232 a Abs. 1 bis 5 Zwangsprostitution ,42,25,0.5952380952380952,59.523809523809526,8,8,21.0,13,2,8,3
2023,StGB  ,StGB § 232 b Zwangsarbeit ,27,21,0.7777777777777778,77.77777777777779,1,1,6.0,4,6,2,13
2023,StGB  ,StGB § 233 Ausbeutung der Arbeitskraft ,5,3,0.6,60.0,0,2,3.0,2,0,1,0
2023,StGB  ,StGB § 235 Entziehung Minderjähriger ,117,71,0.6068376068376068,60.68376068376068,6,36,22.0,17,49,5,4
2023,StGB  ,StGB § 236 Kinderhandel ,5,4,0.8,80.0,0,1,1.0,1,2,0,1
2023,StGB  ,StGB § 238 Nachstellung ,1028,726,0.7062256809338522,70.62256809338521,45,243,178.0,147,536,31,26
2023,StGB  ,StGB § 239 Freiheitsberaubung ,375,226,0.6026666666666667,60.266666666666666,28,103,47.0,41,162,6,35
2023,StGB  ,StGB § 239 a Erpresserischer Menschenraub ,117,96,0.8205128205128205,82.05128205128204,10,5,68.0,18,2,50,32
2023,StGB  ,StGB § 239 b Geiselnahme ,29,21,0.7241379310344828,72.41379310344827,3,3,21.0,5,0,16,2
2023,StGB  ,StGB § 241 Bedrohung ,9621,7081,0.7359941793992308,73.59941793992309,326,1754,474.0,323,6225,151,842
2023,StGB  ,StGB § 242 Diebstahl ,97797,81291,0.8312218166201417,83.12218166201417,1149,8508,7053.0,4280,67566,2773,13521
2023,StGB  ,StGB § 243 Abs. 1 Satz 2 Nr. 1 Einbruchdiebstahl ,7077,5357,0.7569591634873534,75.69591634873534,253,1051,3053.0,1825,1437,1228,1283
2023,StGB  ,StGB § 243 Abs. 1 Satz 2 Nrn. 2 bis 7 Diebstahl in anderen besonders schweren Fällen,8980,7567,0.8426503340757239,84.26503340757239,165,892,4100.0,2464,2705,1636,1118
2023,StGB  ,StGB § 244 Abs. 1 Nr. 1 Diebstahl mit Waffen ,4523,3823,0.8452354631881495,84.52354631881495,55,343,1976.0,1256,1315,720,834
2023,StGB  ,StGB § 244 Abs. 1 Nr. 2 Bandendiebstahl ,161,86,0.5341614906832298,53.41614906832298,13,51,58.0,43,15,15,24
2023,StGB  ,StGB § 244 Abs. 1 Nr. 3 Wohnungseinbruchdiebstahl ,595,390,0.6554621848739496,65.54621848739495,55,129,274.0,164,26,110,111
2023,StGB  ,StGB § 244 Abs. 4 Privatwohnungseinbruchdiebstahl ,1488,1268,0.8521505376344086,85.21505376344086,82,92,1047.0,514,21,533,246
2023,StGB  ,StGB § 244 a Schwerer Bandendiebstahl ,569,484,0.8506151142355008,85.06151142355009,21,57,405.0,207,1,198,85
2023,StGB  ,StGB § 246 Unterschlagung ,4867,3597,0.739058968563797,73.9058968563797,249,808,362.0,293,2993,69,455
2023,StGB  ,StGB § 248 b Unbefugter Gebrauch eines Fahrzeugs ,339,250,0.7374631268436578,73.74631268436578,4,40,23.0,15,168,8,104
2023,StGB  ,StGB § 248 c Entziehung elektrischer Energie ,362,292,0.8066298342541437,80.66298342541437,14,53,14.0,12,276,2,5
2023,StGB  ,StGB § 249 Raub ,2112,1341,0.6349431818181818,63.49431818181818,206,234,638.0,354,16,284,1018
2023,StGB  ,StGB § 250 Schwerer Raub ,1236,985,0.7969255663430421,79.69255663430421,71,70,489.0,126,1,363,605
2023,StGB  ,StGB § 251 Raub mit Todesfolge ,6,6,1.0,100.0,0,0,3.0,0,0,3,3
2023,StGB  ,StGB § 252 Räuberischer Diebstahl ,1563,1211,0.7747920665387076,77.47920665387076,62,196,942.0,445,25,497,338
2023,StGB  ,StGB § 253 Abs. 1 Erpressung ,819,489,0.5970695970695971,59.70695970695971,68,202,72.0,52,358,20,119
2023,StGB  ,StGB § 253 Abs. 4 Besonders schwerer Fall der Erpressung ,27,19,0.7037037037037037,70.37037037037037,2,4,16.0,14,0,2,5
2023,StGB  ,StGB § 255 Räuberische Erpressung ,2820,2110,0.74822695035461,74.822695035461,168,205,867.0,359,48,508,1532
2023,StGB  ,StGB § 259 Hehlerei ,1635,1291,0.7896024464831805,78.96024464831804,59,197,241.0,181,921,60,217
2023,StGB  ,StGB § 260 Abs. 1 Nr. 1 Gewerbsmäßige Hehlerei ,326,239,0.7331288343558282,73.31288343558282,21,63,215.0,148,12,67,15
2023,StGB  ,StGB § 260 Abs. 1 Nr. 2 Bandenhehlerei ,5,4,0.8,80.0,0,1,4.0,2,0,2,0
2023,StGB  ,StGB § 260 a Gewerbsmäßige Bandenhehlerei ,38,26,0.6842105263157895,68.42105263157895,1,11,24.0,20,0,4,2
2023,StGB  ,StGB § 261 Abs. 1 Geldwäsche ,1060,789,0.7443396226415094,74.43396226415095,45,180,113.0,107,591,6,131
2023,StGB  ,StGB § 261 Abs. 2 Geldwäsche ,107,46,0.42990654205607476,42.99065420560748,14,40,3.0,4,36,0,13
2023,StGB  ,StGB § 261 Abs. 4 Geldwäsche durch Verpflichtete ,29,24,0.8275862068965517,82.75862068965517,2,2,6.0,3,13,3,6
2023,StGB  ,StGB § 261 Abs. 5 Besonders schwere Fälle der Geldwäsche ,167,142,0.8502994011976048,85.02994011976048,5,14,60.0,48,54,12,34
2023,StGB  ,StGB § 261 Abs. 6 Leichtfertige Geldwäsche ,1245,1084,0.8706827309236947,87.06827309236948,15,100,77.0,71,894,6,159
2023,StGB  ,StGB § 261 Abs. 7 i.V.m. § 261 Abs. 1 bis 6 Geldwäsche ,14,12,0.8571428571428571,85.71428571428571,0,1,5.0,4,4,1,4
2023,StGB  ,StGB § 261 Abs. 9 i.V.m. § 261 Abs. 1 bis 6 Geldwäsche ,1,1,1.0,100.0,0,0,0.0,0,1,0,0
2023,StGB  ,StGB § 263 Abs. 1 Betrug ,65946,52925,0.8025505716798593,80.25505716798594,1990,9876,3556.0,2888,48135,668,2389
2023,StGB  ,StGB § 263 Abs. 3 und 5 Schwerwiegende Fälle des Betruges ,6730,5566,0.8270430906389301,82.704309063893,229,832,4832.0,3700,388,1132,449
2023,StGB  ,StGB § 263 a Computerbetrug ,3180,2479,0.779559748427673,77.95597484276729,151,415,359.0,263,1847,96,408
2023,StGB  ,StGB § 264 Subventionsbetrug ,1641,1189,0.7245581962218159,72.4558196221816,69,379,234.0,212,947,22,12
2023,StGB  ,StGB § 265 Versicherungsmissbrauch ,77,57,0.7402597402597403,74.02597402597402,2,11,5.0,4,40,1,19
2023,StGB  ,StGB § 265 a Erschleichen von Leistungen ,27947,24436,0.8743693419687265,87.43693419687266,128,2188,884.0,674,22580,210,2167
2023,StGB  ,StGB § 265 b Kreditbetrug ,4,3,0.75,75.0,0,1,0.0,0,2,0,1
2023,StGB  ,StGB § 266 Untreue ,917,575,0.6270447110141767,62.70447110141767,76,261,177.0,168,389,9,14
2023,StGB  ,StGB § 266 a Abs. 1 Vorenthalten von Arbeitnehmerbeiträgen durch den Arbeitgeber,4388,3624,0.8258887876025525,82.58887876025524,37,725,410.0,388,3208,22,8
2023,StGB  ,StGB § 266 a Abs. 2 Vorenthalten von Arbeitgeberbeiträgen durch den Arbeitgeber,31,29,0.9354838709677419,93.54838709677419,1,1,9.0,7,20,2,0
2023,StGB  ,StGB § 266 a Abs. 3 Veruntreuen von Arbeitsentgelt durch den Arbeitgeber,1,1,1.0,100.0,0,0,1.0,1,0,0,0
2023,StGB  ,StGB § 266 a Abs. 4 Vorenthalten von Beiträgen durch den Arbeitgeber in besonders schweren Fällen,53,50,0.9433962264150944,94.33962264150944,0,3,47.0,38,3,9,0
2023,StGB  ,StGB § 266 b Missbrauch von Scheck- und Kreditkarten ,8,5,0.625,62.5,0,3,1.0,1,4,0,0
2023,StGB  ,StGB § 267 Abs. 1 Urkundenfälschung ,23434,20278,0.8653238883673295,86.53238883673295,471,2256,1847.0,1373,17861,474,999
2023,StGB  ,StGB § 267 Abs. 3 und 4 Schwerwiegende Fälle der Urkundenfälschung ,267,230,0.8614232209737828,86.14232209737828,9,25,160.0,137,54,23,19
2023,StGB  ,StGB § 268 Fälschung technischer Aufzeichnungen ,89,76,0.8539325842696629,85.39325842696628,3,10,21.0,20,54,1,1
2023,StGB  ,StGB § 269 Fälschung beweiserheblicher Daten ,1688,1424,0.8436018957345972,84.36018957345972,57,164,160.0,139,1210,21,97
2023,StGB  ,StGB § 271 Mittelbare Falschbeurkundung ,186,133,0.7150537634408602,71.50537634408603,5,41,6.0,6,124,0,10
2023,StGB  ,StGB § 273 Verändern von amtlichen Ausweisen ,100,82,0.82,82.0,3,12,3.0,3,79,0,3
2023,StGB  ,"StGB § 274 Urkundenunterdrückung, Veränderung einer Grenzbezeichnung",134,111,0.8283582089552238,82.83582089552239,3,16,11.0,7,96,4,8
2023,StGB  ,StGB § 275 Vorbereitung d. Fälschung v. amtl. Ausweisen Vorber. der Herst. v. unricht. Impfausweisen,194,168,0.865979381443299,86.5979381443299,6,16,22.0,16,140,6,10
2023,StGB  ,StGB § 276 Verschaffen von falschen amtlichen Ausweisen,1032,944,0.9147286821705426,91.47286821705426,17,67,58.0,43,880,15,10
2023,StGB  ,StGB § 276 a i.V.m. § 275 Vorbereitung der Fälschung von aufenthaltsrechtlichen oder Fahrzeugpapieren,1,1,1.0,100.0,0,0,0.0,0,1,0,0
2023,StGB  ,StGB § 276 a i.V.m. § 276 Verschaffen von falschen aufenthaltsrechtlichen oder Fahrzeugpapieren,18,16,0.8888888888888888,88.88888888888889,0,2,0.0,0,16,0,0
2023,StGB  ,StGB § 281 Missbrauch von Ausweispapieren ,812,717,0.8830049261083743,88.30049261083744,9,61,42.0,25,650,17,50
2023,StGB  ,StGB § 283 Bankrott ,840,664,0.7904761904761904,79.04761904761905,15,161,72.0,68,591,4,1
2023,StGB  ,StGB § 283 a Besonders schwerer Fall des Bankrotts ,9,8,0.8888888888888888,88.88888888888889,0,1,8.0,5,0,3,0
2023,StGB  ,StGB § 283 b Verletzung der Buchführungspflicht ,147,123,0.8367346938775511,83.6734693877551,0,24,2.0,2,120,0,1
2023,StGB  ,StGB § 283 d Schuldnerbegünstigung ,15,7,0.4666666666666667,46.666666666666664,1,7,0.0,0,7,0,0
2023,StGB  ,"StGB § 284 Abs. 1 und 4, § 287 Unerlaubte Veranstaltung eines Glücksspiels, einer Lotterie oder einer Ausspielung",189,116,0.6137566137566137,61.37566137566137,9,64,1.0,1,115,0,0
2023,StGB  ,StGB § 284 Abs. 3 Unerlaubte Veranstaltung e. gewerbsmäßigen oder bandenmäßigen Glücksspiels,166,125,0.7530120481927711,75.30120481927712,9,32,22.0,20,103,2,0
2023,StGB  ,StGB § 285 Beteiligung am unerlaubten Glücksspiel ,201,140,0.6965174129353234,69.65174129353234,20,41,1.0,1,139,0,0
2023,StGB  ,StGB § 291 Abs. 1 Satz 1 Nr. 1 Mietwucher ,32,12,0.375,37.5,2,18,1.0,1,11,0,0
2023,StGB  ,StGB § 291 Abs. 1 Satz 1 Nrn. 3 und 4 Sonstiger Wucher ,30,17,0.5666666666666667,56.666666666666664,2,11,0.0,0,17,0,0
2023,StGB  ,StGB § 291 Abs. 2 Besonders schwere Fälle des Wuchers ,13,4,0.3076923076923077,30.76923076923077,3,6,3.0,3,1,0,0
2023,StGB  ,StGB § 292 Jagdwilderei ,26,16,0.6153846153846154,61.53846153846154,3,7,2.0,2,14,0,0
2023,StGB  ,StGB § 293 Fischwilderei ,364,330,0.9065934065934066,90.65934065934066,0,25,2.0,2,326,0,11
2023,StGB  ,StGB § 298 Wettbewerbsbeschränkende Absprachen bei Ausschreibungen,21,6,0.2857142857142857,28.57142857142857,0,15,1.0,1,5,0,0
2023,StGB  ,StGB § 299 Bestechlichkeit und Bestechung im geschäftlichen Verkehr,29,9,0.3103448275862069,31.03448275862069,3,16,7.0,7,2,0,1
2023,StGB  ,StGB § 299 a Bestechlichkeit im Gesundheitswesen ,11,2,0.18181818181818182,18.181818181818183,0,9,0.0,0,2,0,0
2023,StGB  ,StGB § 300 i.V.m. § 299 Besonders schwere Fälle der Bestechlichkeit und Bestechung im geschäftlichen Verkehr,14,14,1.0,100.0,0,0,10.0,6,4,4,0
2023,StGB  ,StGB § 303 Abs. 1 Sachbeschädigung ,12175,8783,0.7213963039014374,72.13963039014374,363,1791,396.0,272,7475,124,2150
2023,StGB  ,StGB § 303 Abs. 2 Sachbeschädigung ,1059,652,0.615675165250236,61.5675165250236,16,132,11.0,8,547,3,353
2023,StGB  ,StGB § 303 a Datenveränderung ,26,19,0.7307692307692307,73.07692307692307,1,2,1.0,1,5,0,17
2023,StGB  ,StGB § 303 b Computersabotage ,8,4,0.5,50.0,0,2,1.0,1,2,0,3
2023,StGB  ,StGB § 304 Abs. 1 Gemeinschädliche Sachbeschädigung ,705,440,0.624113475177305,62.4113475177305,16,64,26.0,20,268,6,331
2023,StGB  ,StGB § 304 Abs. 2 Gemeinschädliche Sachbeschädigung ,123,72,0.5853658536585366,58.536585365853654,1,12,2.0,1,49,1,59
2023,StGB  ,StGB § 306 Brandstiftung ,424,302,0.7122641509433962,71.22641509433963,32,21,183.0,117,9,66,179
2023,StGB  ,StGB § 306 a Schwere Brandstiftung ,392,234,0.5969387755102041,59.693877551020414,26,12,175.0,86,13,89,166
2023,StGB  ,StGB § 306 b Besonders schwere Brandstiftung ,22,16,0.7272727272727273,72.72727272727273,3,0,15.0,4,1,11,3
2023,StGB  ,StGB § 306 c Brandstiftung mit Todesfolge ,18,16,0.8888888888888888,88.88888888888889,1,0,14.0,0,0,14,3
2023,StGB  ,StGB § 306 d Fahrlässige Brandstiftung ,468,326,0.6965811965811965,69.65811965811966,26,94,25.0,21,280,4,43
2023,StGB  ,StGB § 306 f Herbeiführen einer Brandgefahr ,30,18,0.6,60.0,2,6,1.0,1,15,0,6
2023,StGB  ,"StGB § 315 Gefährliche Eingriffe in den Bahn-, Schiffs- und Luftverkehr",300,226,0.7533333333333333,75.33333333333333,9,43,43.0,38,150,5,55
2023,StGB  ,"StGB § 315 a Gefährdung des Bahn-, Schiffs- und Luftverkehrs",55,41,0.7454545454545455,74.54545454545455,3,10,2.0,1,37,1,3
2023,StGB  ,StGB § 315 b Gefährliche Eingriffe in den Straßenverkehr,946,487,0.514799154334038,51.479915433403804,82,331,153.0,115,285,38,95
2023,StGB  ,StGB § 315 d Abs. 1 Nr. 1 Verbotene Kraftfahrzeugrennen mit Verkehrsunfall,21,12,0.5714285714285714,57.14285714285714,1,8,3.0,2,7,1,2
2023,StGB  ,StGB § 315 d Abs. 1 Nr. 1 Verbotene Kraftfahrzeugrennen ohne Verkehrsunfall,209,137,0.6555023923444976,65.55023923444976,7,52,12.0,9,111,3,27
2023,StGB  ,StGB § 315 d Abs. 1 Nr. 2 Verbotene Kraftfahrzeugrennen mit Verkehrsunfall,20,8,0.4,40.0,6,3,1.0,1,6,0,4
2023,StGB  ,StGB § 315 d Abs. 1 Nr. 2 Verbotene Kraftfahrzeugrennen ohne Verkehrsunfall,253,151,0.5968379446640316,59.683794466403164,20,56,1.0,1,115,0,61
2023,StGB  ,StGB § 315 d Abs. 1 Nr. 3 Verbotene Kraftfahrzeugrennen mit Verkehrsunfall,69,58,0.8405797101449275,84.05797101449275,1,8,6.0,5,35,1,19
2023,StGB  ,StGB § 315 d Abs. 1 Nr. 3 Verbotene Kraftfahrzeugrennen ohne Verkehrsunfall,664,532,0.8012048192771084,80.12048192771084,19,79,69.0,55,361,14,136
2023,StGB  ,"StGB § 315 d Abs. 2, auch i.V.m. Abs. 4 Verbotene Kraftfahrzeugrennen mit Verkehrsunfall",122,98,0.8032786885245902,80.32786885245902,5,13,23.0,20,59,3,22
2023,StGB  ,"StGB § 315 d Abs. 2, auch i.V.m. Abs. 4 Verbotene Kraftfahrzeugrennen ohne Verkehrsunfall",114,85,0.7456140350877193,74.56140350877193,5,15,24.0,17,36,7,34
2023,StGB  ,StGB § 315 d Abs. 5 Verbotene Kraftfahrzeugrennen mit Verkehrsunfall,19,17,0.8947368421052632,89.47368421052632,1,1,9.0,3,4,6,4
2023,StGB  ,StGB § 315 d Abs. 5 Verbotene Kraftfahrzeugrennen ohne Verkehrsunfall,16,12,0.75,75.0,0,3,0.0,0,10,0,3
2023,StGB  ,StGB § 316 Trunkenheit im Verkehr mit Verkehrsunfall ,7471,7092,0.9492705126489092,94.92705126489092,58,277,177.0,144,6764,33,195
2023,StGB  ,StGB § 316 Trunkenheit im Verkehr ohne Verkehrsunfall ,50850,48780,0.95929203539823,95.929203539823,231,1394,1496.0,1231,46329,265,1400
2023,StGB  ,StGB § 316 a Räuberischer Angriff auf Kraftfahrer ,55,40,0.7272727272727273,72.72727272727273,0,2,13.0,4,0,9,40
2023,StGB  ,StGB § 323 a Vollrausch in Verbindung mit Verkehrsunfall,194,188,0.9690721649484536,96.90721649484536,1,3,16.0,14,167,2,7
2023,StGB  ,"StGB § 323 a Vollrausch, ohne Verkehrsunfall ",675,646,0.957037037037037,95.7037037037037,3,24,131.0,101,477,30,40
2023,StGB  ,StGB § 323 b Gefährdung einer Entziehungskur ,7,5,0.7142857142857143,71.42857142857143,2,0,1.0,0,4,1,0
2023,StGB  ,StGB § 323 c Abs. 1 Unterlassene Hilfeleistung ,137,71,0.5182481751824818,51.82481751824818,13,35,8.0,8,55,0,26
2023,StGB  ,StGB § 323 c Abs. 2 Behinderung. v. hilfeleistenden Pers. ,13,9,0.6923076923076923,69.23076923076923,1,3,0.0,0,9,0,0
2023,StGB  ,StGB § 324 Abs. 3 Gewässerverunreinigung - fahrlässig ,48,36,0.75,75.0,0,12,0.0,0,36,0,0
2023,StGB  ,StGB § 324 a Abs. 3 Bodenverunreinigung - fahrlässig ,12,7,0.5833333333333334,58.333333333333336,1,4,0.0,0,7,0,0
2023,StGB  ,"StGB § 324 a, ohne Abs. 3 Bodenverunreinigung - vorsätzlich ",32,29,0.90625,90.625,1,2,1.0,1,28,0,0
2023,StGB  ,"StGB § 324, ohne Abs. 3 Gewässerverunreinigung - vorsätzlich ",71,45,0.6338028169014085,63.38028169014085,2,24,2.0,2,42,0,1
2023,StGB  ,StGB § 325 Abs. 1 Luftverunreinigung - vorsätzlich ,3,2,0.6666666666666666,66.66666666666666,0,1,0.0,0,2,0,0
2023,StGB  ,StGB § 326 Abs. 1 Unerlaubter Umgang mit Abfällen - vorsätzlich,695,529,0.7611510791366907,76.11510791366906,19,141,13.0,12,512,1,10
2023,StGB  ,StGB § 326 Abs. 2 Grenzüberschreitende Verbringung von Abfällen - vorsätzlich,4,3,0.75,75.0,0,1,0.0,0,2,0,1
2023,StGB  ,StGB § 326 Abs. 5 Nr. 1 Unerl. Umgang mit Abfällen und grenzüberschr. Verbringung von Abfällen - fahrlässig,118,87,0.7372881355932204,73.72881355932203,1,30,1.0,1,86,0,0
2023,StGB  ,StGB § 327 Abs. 1 Unerlaubtes Betreiben von kerntechnischen Anlagen - vorsätzlich,8,2,0.25,25.0,0,6,0.0,0,2,0,0
2023,StGB  ,StGB § 327 Abs. 2 Unerlaubtes Betreiben anderer Anlagen - vorsätzlich,65,38,0.5846153846153846,58.46153846153847,3,24,5.0,4,33,1,0
2023,StGB  ,StGB § 327 Abs. 2 und 3 Nr. 2 Unerlaubtes Betreiben anderer Anlagen - fahrlässig,9,8,0.8888888888888888,88.88888888888889,0,1,0.0,0,8,0,0
2023,StGB  ,StGB § 328 Abs. 1 bis 3 Unerlaubter Umgang mit radioaktiven und anderen gefährlichen Stoffen und Gütern - vorsätzlich,2,2,1.0,100.0,0,0,1.0,1,1,0,0
2023,StGB  ,StGB § 329 Abs. 1 bis 3 Gefährdung schutzbedürftiger Gebiete - vorsätzlich,7,2,0.2857142857142857,28.57142857142857,0,5,0.0,0,2,0,0
2023,StGB  ,StGB § 329 Abs. 4 Schädigung von Natura2000-Gebieten - vorsätzlich,2,2,1.0,100.0,0,0,0.0,0,2,0,0
2023,StGB  ,StGB § 330 Besonders schwerer Fall einer Umweltstraftat,2,2,1.0,100.0,0,0,2.0,1,0,1,0
2023,StGB  ,StGB § 331 Vorteilsannahme ,11,8,0.7272727272727273,72.72727272727273,0,3,1.0,1,7,0,0
2023,StGB  ,StGB § 332 Bestechlichkeit ,40,18,0.45,45.0,3,19,16.0,16,2,0,0
2023,StGB  ,StGB § 333 Vorteilsgewährung ,15,12,0.8,80.0,1,2,3.0,3,9,0,0
2023,StGB  ,StGB § 334 Bestechung ,199,162,0.8140703517587939,81.4070351758794,6,27,59.0,52,99,7,8
2023,StGB  ,StGB § 335 Besonders schwere Fälle der Bestechlichkeit und Bestechung,21,14,0.6666666666666666,66.66666666666666,2,5,14.0,9,0,5,0
2023,StGB  ,StGB § 339 Rechtsbeugung ,6,4,0.6666666666666666,66.66666666666666,1,1,1.0,1,3,0,0
2023,StGB  ,StGB § 348 Falschbeurkundung im Amt ,39,17,0.4358974358974359,43.58974358974359,5,17,5.0,5,11,0,1
2023,StGB  ,StGB § 353 b Verletzung des Dienstgeheimnisses und einer besonderen Geheimhaltungspflicht,60,46,0.7666666666666667,76.66666666666667,5,8,6.0,6,40,0,1
2023,StGB  ,StGB § 353 d Verbotene Mitteilungen über Gerichtsverhandlungen,13,7,0.5384615384615384,53.84615384615385,2,4,0.0,0,7,0,0
2023,StGB  ,StGB § 356 Parteiverrat ,15,7,0.4666666666666667,46.666666666666664,3,5,1.0,1,6,0,0
2023,StGB  ,StGB § 85 Verstoß gegen ein Vereinigungsverbot,11,11,1.0,100.0,0,0,6.0,6,5,0,0
2023,StGB  ,StGB § 86 Verbreiten von Propagandamitteln verfassungs- widriger und terroristischer Organisationen,839,687,0.8188319427890346,81.88319427890346,24,67,43.0,29,608,14,97
2023,StGB  ,StGB § 86 a Verwenden von Kennzeichen verfassungs- widriger und terroristischer Organisationen,1969,1529,0.776536312849162,77.6536312849162,59,208,94.0,61,1318,33,290
2023,StGB  ,StGB § 89 a Vorbereitung einer schweren staatsgefährdenden Gewalttat,17,5,0.29411764705882354,29.411764705882355,12,0,4.0,1,0,3,1
2023,StGB  ,StGB § 89 c Terrorismusfinanzierung ,1,1,1.0,100.0,0,0,1.0,0,0,1,0
2023,StGB  ,StGB § 90 a Verunglimpfung des Staates und seiner Symbole,8,5,0.625,62.5,1,2,1.0,1,4,0,0
2023,StGB  ,StGB § 99 Geheimdienstliche Agententätigkeit,2,2,1.0,100.0,0,0,2.0,2,0,0,0
2023,StGB  ,"StGB §§ 102, 104 Straftaten gegen ausländische Staaten ",3,2,0.6666666666666666,66.66666666666666,0,1,0.0,0,2,0,0
2023,StGB  ,StGB §§ 107 bis 108 b Wahlvergehen ,7,2,0.2857142857142857,28.57142857142857,4,1,0.0,0,2,0,0
2023,StGB  ,"StGB §§ 123, 124 Hausfriedensbruch ",4383,3218,0.7342003194159251,73.42003194159251,71,787,108.0,54,2955,54,462
2023,StGB  ,"StGB §§ 142, 315 b bis d,316 sowie 222,229, §§ 323 a i.V.m. Verkehrsunfall, StVG §§ 21, §§ 22,22 a,22 b Straftaten im Straßenverkehr",187744,165934,0.8838311743650928,88.38311743650928,2734,16473,7418.0,6049,154611,1369,6508
2023,StGB  ,"StGB §§ 146 bis 149 Geld-, Wertzeichen- und Wertpapierfälschung ",489,329,0.6728016359918201,67.280163599182,60,51,160.0,116,84,44,134
2023,StGB  ,"StGB §§ 166, 167 Religions- und Weltanschauungs- delikte",19,13,0.6842105263157895,68.42105263157895,0,6,0.0,0,12,0,1
2023,StGB  ,"StGB §§ 212, 213 Totschlag ",521,321,0.6161228406909789,61.61228406909789,47,19,287.0,6,0,281,168
2023,StGB  ,"StGB §§ 257, 258 und 258 a Begünstigung und Strafvereitelung Strafvereitelung im Amt",972,719,0.7397119341563786,73.97119341563786,47,135,40.0,35,614,5,136
2023,StGB  ,"StGB §§ 277, 278 und 279 Andere Straftaten der Urkundenfälschung ",1276,883,0.6920062695924765,69.20062695924764,55,299,5.0,4,865,1,52
2023,StGB  ,"StGB §§ 288, 289 Vereiteln der Zwangsvollstreckung, Pfandkehr ",125,80,0.64,64.0,11,34,7.0,7,73,0,0
2023,StGB  ,"StGB §§ 307, 308 Herbeiführen einer Explosion ",218,176,0.8073394495412844,80.73394495412845,8,9,112.0,54,17,58,72
2023,StGB  ,"StGB §§ 309, 310, 313, 314, 318 und 319 Andere gemeingefährliche Straftaten ",22,14,0.6363636363636364,63.63636363636363,1,6,3.0,0,10,3,2
2023,StGB  ,"StGB §§ 344, 345 Verfolgung Unschuldiger, Vollstreckung gegen Unschuldige",6,3,0.5,50.0,0,3,2.0,2,1,0,0
2023,StGB  ,StGB §§ 81 bis 83 Hochverrat ,2,2,1.0,100.0,0,0,0.0,0,2,0,0
2023,StGB  ,"StGB §§ 94, 97 a Landesverrat und Verrat illegaler Geheimnisse",1,1,1.0,100.0,0,0,1.0,1,0,0,0
2023,StGB  ,"StGB §§ 95, 97 Offenbaren und Preisgabe von Staatsgeheimnissen",6,4,0.6666666666666666,66.66666666666666,0,1,0.0,0,3,0,2
2023,StGB  ,"StGB §§ 96, 97 b Andere Straftaten wg. Verrats von Staatsge- heimnissen bzw. zum Schutz von Staatsgeh.",1,1,1.0,100.0,0,0,0.0,0,1,0,0
2023,StGB  ,Straftaten im Straßenverkehr in Trunkenheit mit Verkehrsunfall ,24846,23613,0.9503743057232552,95.03743057232552,158,952,812.0,675,22130,137,794
2023,StGB  ,Straftaten im Straßenverkehr in Trunkenheit ohne Verkehrsunfall ,52540,50139,0.9543014845831748,95.43014845831748,279,1649,1583.0,1307,47502,276,1527
2023,StGB  ,Straftaten im Straßenverkehr nach dem StGB in Trunkenheit zusammen,77386,73752,0.9530406016592149,95.30406016592148,437,2601,2395.0,1982,69632,413,2321
2023,StGB  ,Straftaten im Straßenverkehr nach dem StGB insgesamt Summe 7001 bis 7041,126459,110946,0.8773278295732213,87.73278295732213,1890,12133,3165.0,2610,104911,555,4360
2023,StGB  ,Straftaten im Straßenverkehr nach dem StGB und StVG ohne Trunkenheit zusammen,110358,92182,0.8352996611029558,83.52996611029559,2297,13872,5023.0,4067,84979,956,4187
2023,StGB  ,Straftaten im Straßenverkehr ohne Trunkenheit mit Verkehrsunfall ,48174,37171,0.77159878772782,77.159878772782,1295,8937,598.0,500,35646,98,1698
2023,StGB  ,Straftaten im Straßenverkehr ohne Trunkenheit ohne Verkehrsunfall ,62184,55011,0.884648784253184,88.4648784253184,1002,4935,4425.0,3567,49333,858,2489
2023,StGB  ,Trunkenheit im Verkehr nach § 316 StGB insgesamt ,58321,55872,0.9580082646045164,95.80082646045163,289,1671,1673.0,1375,53093,298,1595
2023,StGB  ,Unerlaubtes Entfernen vom Unfallort insgesamt (§ 142 StGB) ,37855,29384,0.7762250693435477,77.62250693435477,1078,6798,441.0,365,28169,76,1369
2023,StGB  ,Verbotene Kraftfahrzeugrennen nach § 315 d StGB insgesamt ,1507,1110,0.7365627073656271,73.65627073656272,65,238,148.0,113,744,35,312
2023,StGB  ,Verbotene Kraftfahrzeugrennen nach § 315 d StGB mit Verkehrsunfall ,251,193,0.7689243027888446,76.89243027888446,14,33,42.0,31,111,11,51
2023,StGB  ,Verbotene Kraftfahrzeugrennen nach § 315 d StGB ohne Verkehrsunfall ,1256,917,0.7300955414012739,73.00955414012739,51,205,106.0,82,633,24,261
2023,StGB  ,Fahrlässige Körperverl. im Straßenverkehr insgesamt (§ 229 StGB) ,12820,10772,0.8402496099843993,84.02496099843994,133,1767,235.0,200,10299,35,386
2023,StGB  ,Fahrlässige Tötung im Straßenverkehr insgesamt (§ 222 StGB) ,544,476,0.875,87.5,14,49,136.0,118,309,18,36
2023,StGB  ,"StGB 15. Abschnitt, §§ 201 bis 206 Verletzung des persönlichen Lebens- und Geheimbereichs",1427,1098,0.7694463910301331,76.94463910301332,44,227,71.0,64,972,7,113
2023,StGB  ,"StGB 17. Abschnitt, §§ 223 bis 231 (o.V.) Straftaten gegen die körperliche Unversehrtheit (o.V.)",79719,52297,0.6560167588655151,65.60167588655152,4259,16304,12388.0,9508,30613,2880,16155
2023,StGB  ,"StGB 18. Abschnitt, §§ 232 bis 241 a Straftaten gegen die persönliche Freiheit",19881,14278,0.7181731301242392,71.81731301242392,828,3937,1218.0,855,12229,363,1669
2023,StGB  ,"StGB 7. Abschnitt, §§ 123 bis 145 d, ohne § 142 Straftaten gegen die öffentliche Ordnung (o.V.) ",10184,7555,0.7418499607227023,74.18499607227022,260,1711,732.0,426,6381,306,1100
2023,StGB  ,StGB § 106 b Störung der Tätigkeit eines Gesetzgebungsorgans,2,2,1.0,100.0,0,0,0.0,0,2,0,0
2023,StGB  ,StGB § 111 Öffentliche Aufforderung zu Straftaten ,170,122,0.7176470588235294,71.76470588235294,8,37,9.0,6,113,3,3
2023,StGB  ,StGB § 126 Störung des öffentlichen Friedens durch Androhung von Straftaten,267,190,0.7116104868913857,71.16104868913857,5,33,19.0,15,146,4,64
2023,StGB  ,StGB § 129 b i.V.m. § 129 Bildung krimineller Vereinigungen im Ausland,6,6,1.0,100.0,0,0,6.0,2,0,4,0
2023,StGB  ,"StGB § 130 Abs. 3 Volksverhetzung durch Billigung, Leugnung oder Verharmlosung des nationalsozialistischen Völkermordes",424,351,0.8278301886792453,82.78301886792453,15,25,7.0,5,319,2,58
2023,StGB  ,"StGB § 174 a Sexueller Missbrauch von Gefangenen, behördlich Verwahrten oder Kranken u. Hilfsbedürftigen in Einrichtungen",10,5,0.5,50.0,3,2,4.0,3,1,1,0
2023,StGB  ,StGB § 176 a Sexueller Missbrauch von Kindern ohne Körperkontakt mit dem Kind,446,330,0.7399103139013453,73.99103139013454,21,40,216.0,179,32,37,137
2023,StGB  ,StGB § 180 Förderung sexueller Handlungen Minderjähriger,10,7,0.7,70.0,0,2,3.0,2,4,1,1
2023,StGB  ,StGB § 180 a Ausbeutung von Prostituierten ,3,3,1.0,100.0,0,0,0.0,0,3,0,0
2023,StGB  ,StGB § 183 a Erregung öffentlichen Ärgernisses ,209,183,0.8755980861244019,87.5598086124402,5,19,12.0,6,169,6,4
2023,StGB  ,StGB § 201 a Verletzung des höchstpers. Lebensbereichs und von Persönlichkeitsrechten d. Bildaufn.,522,400,0.7662835249042146,76.62835249042146,4,79,25.0,22,344,3,70
2023,StGB  ,StGB § 216 Tötung auf Verlangen ,4,3,0.75,75.0,1,0,0.0,0,2,0,1
2023,StGB  ,StGB § 222 Fahrlässige Tötung im Straßenverkehr in Trunkenheit ,65,63,0.9692307692307692,96.92307692307692,0,2,51.0,36,6,15,6
2023,StGB  ,StGB § 222 Fahrlässige Tötung im Straßenverkehr ohne Trunkenheit ,479,413,0.8622129436325678,86.22129436325679,14,47,85.0,82,303,3,30
2023,StGB  ,"StGB § 222 Fahrlässige Tötung, außer im Straßenverkehr ",248,144,0.5806451612903226,58.06451612903226,15,88,41.0,38,101,3,3
2023,StGB  ,StGB § 223 Körperverletzung ,44312,32033,0.7228967322621411,72.28967322621412,1758,7820,3781.0,2693,24340,1088,6613
2023,StGB  ,"StGB § 224 Abs. 1 Nr. 1 Gefährliche Körperverletzung, Vergiftung ",491,223,0.45417515274949083,45.41751527494908,42,154,108.0,84,59,24,128
2023,StGB  ,StGB § 224 Abs. 1 Nrn. 2 bis 5 Gefährliche Körperverletzung ,30516,17062,0.5591165290339494,55.91165290339494,2316,7223,8227.0,6554,3677,1673,9073
2023,StGB  ,StGB § 226 Abs. 1 Schwere Körperverletzung ,89,69,0.7752808988764045,77.52808988764045,5,9,55.0,23,0,32,20
2023,StGB  ,StGB § 226 Abs. 2 Absichtliche oder wissentliche schwere Körperverletzung,14,13,0.9285714285714286,92.85714285714286,0,1,11.0,3,1,8,1
2023,StGB  ,StGB § 227 Körperverletzung mit Todesfolge ,46,35,0.7608695652173914,76.08695652173914,5,1,29.0,6,0,23,11
2023,StGB  ,StGB § 229 Fahrlässige Körperverletzung im Straßenverkehr in Trunkenheit ,2352,2270,0.9651360544217688,96.51360544217688,7,61,139.0,117,2036,22,109
2023,StGB  ,StGB § 229 Fahrlässige Körperverletzung im Straßenverkehr ohne Trunkenheit ,10468,8502,0.8121895299961789,81.21895299961788,126,1706,96.0,83,8263,13,277
2023,StGB  ,"StGB § 229 Fahrlässige Körperverletzung, außer im Straßenverkehr",4068,2784,0.6843657817109144,68.43657817109144,94,1033,108.0,91,2530,17,303
2023,StGB  ,StGB § 237 Abs. 1 Zwangsheirat - Nötigung zur Eingehung der Ehe,4,3,0.75,75.0,0,1,1.0,1,2,0,0
2023,StGB  ,StGB § 240 Abs. 1 Nötigung ,8455,5970,0.7060910703725606,70.60910703725605,398,1765,365.0,277,5235,88,692
2023,StGB  ,StGB § 240 Abs. 4 Nr. 1 Nötigung einer Schwangeren zum Schwangerschaftsabbruch,26,19,0.7307692307692307,73.07692307692307,2,3,6.0,5,8,1,7
2023,StGB  ,StGB § 241 a Politische Verdächtigung ,8,5,0.625,62.5,0,0,0.0,0,0,0,8
2023,StGB  ,StGB § 305 Zerstörung von Bauwerken ,8,4,0.5,50.0,0,0,1.0,1,3,0,4
2023,StGB  ,StGB § 305 a Zerstörung wichtiger Arbeitsmittel ,20,16,0.8,80.0,0,2,2.0,1,14,1,2
2023,StGB  ,StGB § 315 c Abs. 1 Nr. 1 a auch i.V.m. Abs.3 Straßenverkehrsgefährdung infolge Trunkenheit mit Verkehrsunfall,9993,9417,0.9423596517562294,94.23596517562294,74,465,224.0,194,8932,30,298
2023,StGB  ,StGB § 315 c Abs. 1 Nr. 1 a auch i.V.m. Abs.3 Straßenverkehrsgefährdung infolge Trunkenheit ohne Verkehrsunfall,1690,1359,0.8041420118343195,80.41420118343196,48,255,87.0,76,1173,11,127
2023,StGB  ,StGB § 315 c Abs. 1 Nr. 1 b auch i.V.m. Abs.3 Straßenverkehrsgefährdung infolge geistiger oder körperl. Mängel mit Verkehrsunfall,1072,822,0.7667910447761194,76.67910447761194,32,212,4.0,3,808,1,16
2023,StGB  ,StGB § 315 c Abs. 1 Nr. 1 b auch i.V.m. Abs.3 Straßenverkehrsgefährdung infolge geistiger oder körperl. Mängel ohne Verkehrsunfall,161,79,0.4906832298136646,49.06832298136646,7,69,1.0,1,72,0,12
2023,StGB  ,StGB § 315 c Abs. 1 Nr. 2 a auch i.V.m. Abs.3 Nichtbeachten der Vorfahrt mit Verkehrsunfall,156,124,0.7948717948717948,79.48717948717949,4,24,3.0,3,111,0,14
2023,StGB  ,StGB § 315 c Abs. 1 Nr. 2 a auch i.V.m. Abs.3 Nichtbeachten der Vorfahrt ohne Verkehrsunfall,134,80,0.5970149253731343,59.70149253731343,16,31,11.0,8,60,3,16
2023,StGB  ,StGB § 315 c Abs. 1 Nr. 2 b auch i.V.m. Abs.3 Falsches Überholen mit Verkehrsunfall,426,353,0.8286384976525821,82.86384976525821,15,54,5.0,5,341,0,11
2023,StGB  ,StGB § 315 c Abs. 1 Nr. 2 b auch i.V.m. Abs.3 Falsches Überholen ohne Verkehrsunfall,423,272,0.6430260047281324,64.30260047281324,28,113,16.0,11,239,5,27
2023,StGB  ,StGB § 315 c Abs. 1 Nr. 2 c auch i.V.m. Abs.3 Falsches Fahren an Fußgängerüberwegen mit Verkehrsunfall,6,4,0.6666666666666666,66.66666666666666,0,2,0.0,0,3,0,1
2023,StGB  ,StGB § 315 c Abs. 1 Nr. 2 c auch i.V.m. Abs.3 Falsches Fahren an Fußgängerüberwegen ohne Verkehrsunfall,26,8,0.3076923076923077,30.76923076923077,1,17,0.0,0,8,0,0
2023,StGB  ,StGB § 315 c Abs. 1 Nr. 2 d auch i.V.m. Abs.3 Zu schnelles Fahren an unübersichtlichen Stellen etc. mit Verkehrsunfall,62,44,0.7096774193548387,70.96774193548387,0,12,3.0,3,28,0,19
2023,StGB  ,StGB § 315 c Abs. 1 Nr. 2 d auch i.V.m. Abs.3 Zu schnelles Fahren an unübersichtlichen Stellen etc. ohne Verkehrsunfall,53,42,0.7924528301886793,79.24528301886792,1,8,8.0,5,20,3,16
2023,StGB  ,StGB § 315 c Abs. 1 Nr. 2 e auch i.V.m. Abs.3 Nichteinhalten der rechten Fahrbahnseite mit Verkehrsunfall,6,6,1.0,100.0,0,0,0.0,0,6,0,0
2023,StGB  ,StGB § 315 c Abs. 1 Nr. 2 e auch i.V.m. Abs.3 Nichteinhalten der rechten Fahrbahnseite ohne Verkehrsunfall,8,4,0.5,50.0,2,2,0.0,0,2,0,2
2023,StGB  ,"StGB § 315 c Abs. 1 Nr. 2 f auch i.V.m. Abs.3 Verbotenes Wenden, Rückwärtsfahren o. Fahren entgegen d. Fahrtrichtung mit Verkehrsunfall",22,17,0.7727272727272727,77.27272727272727,0,5,0.0,0,17,0,0
2023,StGB  ,"StGB § 315 c Abs. 1 Nr. 2 f auch i.V.m. Abs.3 Verbotenes Wenden, Rückwärtsfahren o. Fahren entgegen d. Fahrtrichtung ohne Verkehrsunfall",25,21,0.84,84.0,0,4,1.0,1,20,0,0
2023,StGB  ,StGB § 315 c Abs. 1 Nr. 2 g auch i.V.m. Abs.3 Nichtkenntlichmachen haltender oder liegen- gebliebener Fahrzeuge mit Verkehrsunfall,7,4,0.5714285714285714,57.14285714285714,0,3,0.0,0,4,0,0
2023,StGB  ,StGB § 315 c Abs. 1 Nr. 2 g auch i.V.m. Abs.3 Nichtkenntlichmachen haltender oder liegen- gebliebener Fahrzeuge ohne Verkehrsunfall,2,1,0.5,50.0,0,0,0.0,0,1,0,1
2023,StGB  ,StGB § 316 c Angriffe auf den Luft- und Seeverkehr ,1,1,1.0,100.0,0,0,0.0,0,0,0,1
2023,StGB  ,StGB § 325 Abs. 2 Freisetzen von Schadstoffen in die Luft beim Betrieb einer Anlage - vorsätzlich,2,2,1.0,100.0,0,0,0.0,0,2,0,0
2023,StGB  ,StGB § 328 Abs. 5 Unerlaubter Umgang mit radioaktiven und anderen gefährlichen Stoffen und Gütern - fahrlässig,2,1,0.5,50.0,0,1,0.0,0,1,0,0
2023,StGB  ,StGB § 340 Körperverletzung im Amt ,79,20,0.25316455696202533,25.31645569620253,18,40,3.0,4,16,0,1
2023,StGB  ,StGB § 357 i.V.m. § 331ff. Verleitung eines Untergebenen zu einer Straftat,1,1,1.0,100.0,0,0,0.0,0,1,0,0
2023,StGB  ,StGB § 87 Agententätigkeit zu Sabotagezwecken,1,1,1.0,100.0,0,0,0.0,0,1,0,0
2023,StGB  ,StGB § 89 Verfassungsfeindliche Einwirkung auf Bundeswehr und öffentliche Sicherheitsorgane,3,3,1.0,100.0,0,0,1.0,1,2,0,0
2023,StGB  ,"StGB §§ 105, 106 Nötigung von Verfassungsorganen ",11,5,0.45454545454545453,45.45454545454545,0,1,0.0,0,1,0,9
2023,StGB  ,"StGB §§ 167 a, 168 Störung einer Bestattungsfeier, Störung der Totenruhe",27,18,0.6666666666666666,66.66666666666666,0,5,2.0,1,16,1,4
2023,StGB  ,"StGB §§ 316 b, 317 Störung öffentlicher Betriebe und von Telekommunikationsanlagen",47,29,0.6170212765957447,61.702127659574465,1,16,3.0,3,21,0,6
2023,StGBoV  ,Straftaten ohne Straftaten im Straßenverkehr nach dem StGB insgesamt Summe 1012 bis 1690,487968,379650,0.778022329333071,77.8022329333071,14868,66718,62431.0,43504,284271,18927,59680
2024,StGB  ,Gefährdung des Straßenverkehrs nach § 315 c StGB insgesamt ,14335,12702,0.8860830136030694,88.60830136030694,198,1302,364.0,311,11985,53,486
2024,StGB  ,Gefährdung des Straßenverkehrs nach § 315 c StGB mit Verkehrsunfall ,11818,10822,0.9157217803350821,91.57217803350821,108,835,246.0,213,10335,33,294
2024,StGB  ,Gefährdung des Straßenverkehrs nach § 315 c StGB ohne Verkehrsunfall ,2517,1880,0.7469209376241558,74.69209376241558,90,467,118.0,98,1650,20,192
2024,StGB  ,"StGB 1. Abschnitt, §§ 80 a bis 92 b Friedensverrat, Hochverrat und Gefährdung des demokratischen Rechtsstaates",3597,2859,0.7948290241868223,79.48290241868223,94,356,148.0,97,2545,51,454
2024,StGB  ,"StGB 10. Abschnitt, §§ 164 und 165 Falsche Verdächtigung ",3513,2491,0.7090805579276971,70.90805579276972,188,622,149.0,112,2186,37,368
2024,StGB  ,"StGB 11. Abschnitt, §§ 166 bis 168 Straftaten, welche sich auf Religion und Weltanschauung beziehen",35,28,0.8,80.0,1,5,2.0,2,24,0,3
2024,StGB  ,"StGB 12. Abschnitt, §§ 169 bis 173 Straftaten gegen den Personenstand, die Ehe und die Familie",814,483,0.5933660933660934,59.336609336609335,20,309,211.0,206,271,5,3
2024,StGB  ,"StGB 13. Abschnitt, §§ 174 bis 184 l Straftaten gegen die sexuelle Selbstbestimmung",16194,12171,0.7515746572804742,75.15746572804743,1112,1667,6253.0,4822,4270,1431,2892
2024,StGB  ,"StGB 14. Abschnitt, §§ 185 bis 200 Beleidigung ",30482,24393,0.8002427662226888,80.02427662226887,620,4514,858.0,571,22596,287,1894
2024,StGB  ,"StGB 16. Abschnitt, §§ 211 bis 222 (o.V.) Straftaten gegen das Leben (o.V.) ",1109,744,0.6708746618575293,67.08746618575293,67,122,552.0,62,119,490,249
2024,StGB  ,"StGB 19. Abschnitt, §§ 242 bis 248 c Diebstahl und Unterschlagung ",126022,103563,0.8217850851438637,82.17850851438638,2053,12784,19226.0,11288,75659,7938,16300
2024,StGB  ,"StGB 2. Abschnitt, §§ 93 bis 101 a Landesverrat und Gefährdung der äußeren Sicherheit",3,3,1.0,100.0,0,0,1.0,0,2,1,0
2024,StGB  ,"StGB 20. Abschnitt, §§ 249 bis 256, 316a Raub und Erpressung, räuberischer Angriff auf Kraftfahrer ",9299,6594,0.7091085062909991,70.91085062909991,563,937,3182.0,1545,443,1637,4174
2024,StGB  ,"StGB 21. Abschnitt, §§ 257 bis 262 Begünstigung und Hehlerei ",6950,5498,0.7910791366906474,79.10791366906474,239,899,899.0,721,3934,178,979
2024,StGB  ,"StGB 22. Abschnitt, §§ 263 bis 266 b Betrug und Untreue ",105530,86641,0.8210082441012034,82.10082441012034,2439,13778,9883.0,7889,74032,1994,5398
2024,StGB  ,"StGB 23. Abschnitt, §§ 267 bis 282 Urkundenfälschung ",26004,21807,0.8386017535763729,83.86017535763729,580,3189,2145.0,1665,19095,480,995
2024,StGB  ,"StGB 24. Abschnitt, §§ 283 bis 283 d Insolvenzstraftaten ",1186,960,0.8094435075885329,80.94435075885329,11,213,110.0,107,848,3,4
2024,StGB  ,"StGB 25. Abschnitt, §§ 284 bis 297 Strafbarer Eigennutz ",1148,834,0.7264808362369338,72.64808362369338,48,255,35.0,33,794,2,16
2024,StGB  ,"StGB 26. Abschnitt, §§ 298 bis 301 Straftaten gegen den Wettbewerb ",63,38,0.6031746031746031,60.317460317460316,1,24,23.0,23,15,0,0
2024,StGB  ,"StGB 27. Abschnitt, §§ 303 bis 305 a Sachbeschädigung ",13212,9394,0.7110202845897668,71.10202845897669,359,1927,444.0,308,7940,136,2542
2024,StGB  ,"StGB 28. Abschnitt, §§ 306 bis 323c, ohne §§ 315 b bis d, ohne §§ 316,316 a und ohne § 323 a i.V.m. Verkehrsunfall Gemeingefährliche Straftaten",2712,2011,0.741519174041298,74.15191740412979,130,294,733.0,397,977,336,578
2024,StGB  ,"StGB 29. Abschnitt, §§ 324 bis 330 a Straftaten gegen die Umwelt ",1008,737,0.7311507936507936,73.11507936507937,26,240,13.0,10,720,3,9
2024,StGB  ,"StGB 3. Abschnitt, §§ 102 bis 104 a Straftaten gegen ausländische Staaten ",7,4,0.5714285714285714,57.14285714285714,0,0,0.0,0,2,0,5
2024,StGB  ,"StGB 30. Abschnitt, §§ 331 bis 358 Straftaten im Amt ",503,340,0.6759443339960238,67.59443339960238,41,120,109.0,91,230,18,3
2024,StGB  ,"StGB 4. Abschnitt, §§ 105 bis 108 e Straftaten gegen Verfassungsorgane sowie bei Wahlen und Abstimmungen",10,6,0.6,60.0,2,1,1.0,1,5,0,1
2024,StGB  ,"StGB 6. Abschnitt, §§ 111 bis 121 Widerstand gegen die Staatsgewalt ",16716,13847,0.8283680306293372,82.83680306293371,229,2076,3868.0,2952,8918,916,1625
2024,StGB  ,"StGB 8. Abschnitt, §§ 146 bis 152 c Geld- und Wertzeichenfälschung ",495,377,0.7616161616161616,76.16161616161617,38,44,197.0,153,85,44,131
2024,StGB  ,"StGB 9. Abschnitt, §§ 153 bis 162 Falsche uneidliche Aussage und Meineid ",2781,1901,0.6835670622078389,68.35670622078389,155,603,260.0,234,1487,26,276
2024,StGB  ,StGB § 113 Widerstand gegen Vollstreckungsbeamte ,6853,5640,0.8229972274916095,82.29972274916095,80,912,908.0,700,4343,208,610
2024,StGB  ,StGB § 114 Tätl. Angriff auf Vollstreckungsbeamte ,9252,7784,0.8413316039775184,84.13316039775184,123,1023,2872.0,2189,4274,683,960
2024,StGB  ,"StGB § 115 Abs.1,2 i.V.m. §§ 113, 114 Widerstand gg. o. tätl. Angriff auf Pers., die Vollstreckungsbeamten gleichstehen",230,120,0.5217391304347826,52.17391304347826,13,87,34.0,25,79,9,17
2024,StGB  ,"StGB § 115 Abs.3 i.V.m. §§ 113, 114 Widerstand gg.o.tätl. Angriff a. Hilfeleis. von Feuerwehr, Katast.-schutz o. Rettungsd.",208,174,0.8365384615384616,83.65384615384616,3,27,43.0,31,113,12,22
2024,StGB  ,StGB § 120 Gefangenenbefreiung ,25,10,0.4,40.0,3,10,1.0,1,7,0,4
2024,StGB  ,StGB § 121 Gefangenenmeuterei ,9,4,0.4444444444444444,44.44444444444444,2,3,2.0,0,0,2,2
2024,StGB  ,StGB § 125 Landfriedensbruch ,195,121,0.6205128205128205,62.05128205128205,12,53,5.0,5,107,0,18
2024,StGB  ,StGB § 125 a Besonders schwerer Fall des Landfriedensbruchs,67,51,0.7611940298507462,76.11940298507463,3,5,46.0,46,0,0,13
2024,StGB  ,StGB § 126 a Gefährdendes Verbreiten personenbezogener Daten,10,8,0.8,80.0,1,1,0.0,0,8,0,0
2024,StGB  ,StGB § 127 Betreiben krimineller Handelsplattformen im Internet,4,4,1.0,100.0,0,0,3.0,2,1,1,0
2024,StGB  ,StGB § 128 Bildung bewaffneter Gruppen ,3,3,1.0,100.0,0,0,2.0,0,0,2,1
2024,StGB  ,StGB § 129 Bildung krimineller Vereinigungen ,20,17,0.85,85.0,0,2,17.0,7,0,10,1
2024,StGB  ,StGB § 129 a Bildung terroristischer Vereinigungen ,26,26,1.0,100.0,0,0,25.0,8,0,17,1
2024,StGB  ,StGB § 129 b i.V.m. § 129 a Bildung terroristischer Vereinigungen im Ausland,5,5,1.0,100.0,0,0,3.0,2,0,1,2
2024,StGB  ,StGB § 130 Abs. 1 Volksverhetzung durch Aufstachelung zum Hass oder vergleichbare Äußerungen,1202,926,0.7703826955074875,77.03826955074875,42,187,128.0,101,744,27,101
2024,StGB  ,StGB § 130 Abs. 2 Volksverhetzung durch Verbreiten volksverhetzender Inhalte ,340,291,0.8558823529411764,85.58823529411764,3,19,4.0,4,276,0,38
2024,StGB  ,"StGB § 130 Abs. 4 Volksverhetzung durch Billigung, Verherrlichung o. Rechtfertigung der nat.soz. Gewalt- und Willkürherrschaft",11,10,0.9090909090909091,90.9090909090909,0,1,0.0,0,10,0,0
2024,StGB  ,StGB § 131 Gewaltdarstellung ,29,17,0.5862068965517241,58.620689655172406,1,4,1.0,0,8,1,15
2024,StGB  ,StGB § 132 Amtsanmaßung ,118,83,0.7033898305084746,70.33898305084746,10,17,3.0,3,77,0,11
2024,StGB  ,"StGB § 132 a Missbrauch von Titeln, Berufsbezeich- nungen und Abzeichen",99,70,0.7070707070707071,70.70707070707071,6,22,6.0,3,64,3,1
2024,StGB  ,StGB § 133 Verwahrungsbruch ,41,27,0.6585365853658537,65.85365853658537,1,11,2.0,1,24,1,3
2024,StGB  ,"StGB § 136 Verstrickungsbruch, Siegelbruch ",113,98,0.8672566371681416,86.72566371681415,2,13,3.0,2,93,1,2
2024,StGB  ,StGB § 138 Nichtanzeige geplanter Straftaten ,46,39,0.8478260869565217,84.78260869565217,1,5,3.0,1,34,2,3
2024,StGB  ,StGB § 140 Belohnung und Billigung von Straftaten ,283,242,0.8551236749116607,85.51236749116607,9,28,5.0,4,229,1,12
2024,StGB  ,StGB § 142 Abs. 1 Unerl. Entf. vom Unfallort vor Feststellung d. Unfallbeteiligung in Trunkenheit,4479,4307,0.9615985711096227,96.15985711096226,22,130,217.0,186,3979,31,131
2024,StGB  ,StGB § 142 Abs. 1 Unerl. Entf. vom Unfallort vor Feststellung d. Unfallbeteiligung insgesamt,37596,28969,0.7705340993722737,77.05340993722737,1210,6786,436.0,369,27801,67,1363
2024,StGB  ,StGB § 142 Abs. 1 Unerl. Entf. vom Unfallort vor Feststellung d. Unfallbeteiligung ohne Trunkenheit bzw. Trunkenheit nicht bekannt,33117,24662,0.74469305794607,74.469305794607,1188,6656,219.0,183,23822,36,1232
2024,StGB  ,StGB § 142 Abs. 2 Entf. vom Unfallort ohne nachträgl. Meldung d. Unfallbeteiligung in Trunkenheit,4,4,1.0,100.0,0,0,1.0,0,2,1,1
2024,StGB  ,StGB § 142 Abs. 2 Entf. vom Unfallort ohne nachträgl. Meldung d. Unfallbeteiligung insgesamt,136,110,0.8088235294117647,80.88235294117648,3,19,3.0,1,105,2,6
2024,StGB  ,StGB § 142 Abs. 2 Entf. vom Unfallort ohne nachträgl. Meldung d. Unfallbeteiligung ohne Trunkenheit bzw. Trunkenheit nicht bekannt,132,106,0.803030303030303,80.3030303030303,3,19,2.0,1,103,1,5
2024,StGB  ,StGB § 145 Missbrauch von Notrufen und Beeinträchtigung von Unfallverhütungs- und Nothilfemitteln,829,634,0.7647768395657418,76.47768395657418,20,125,18.0,8,574,10,92
2024,StGB  ,StGB § 145 a Verstoß gegen Weisungen während der Führungsaufsicht,990,733,0.7404040404040404,74.04040404040404,17,239,338.0,183,394,155,2
2024,StGB  ,StGB § 145 c Verstoß gegen das Berufsverbot ,2,2,1.0,100.0,0,0,1.0,1,1,0,0
2024,StGB  ,StGB § 145 d Vortäuschen einer Straftat ,1239,931,0.751412429378531,75.14124293785311,46,180,25.0,24,818,1,170
2024,StGB  ,StGB § 152 b Fälschung von Zahlungskarten mit Garantiefunktion ,19,17,0.8947368421052632,89.47368421052632,0,2,17.0,6,0,11,0
2024,StGB  ,"StGB § 152 i.V.m. §§ 146-149 Geld-, Wert- zeichen und -papierfälschung von Geld,Wert- zeichen u. -papieren e. fremden Währungsgeb.",5,3,0.6,60.0,0,1,1.0,1,1,0,2
2024,StGB  ,StGB § 153 Falsche uneidliche Aussage ,1869,1228,0.657035848047084,65.7035848047084,114,408,213.0,191,865,22,269
2024,StGB  ,StGB § 154 Meineid ,34,22,0.6470588235294118,64.70588235294117,4,8,16.0,16,2,0,4
2024,StGB  ,StGB § 156 Falsche Versicherung an Eides Statt ,836,617,0.7380382775119617,73.80382775119617,36,180,27.0,23,590,4,3
2024,StGB  ,StGB § 160 Verleitung zur Falschaussage ,4,4,1.0,100.0,0,0,1.0,1,3,0,0
2024,StGB  ,"StGB § 161 Fahrlässiger Falscheid, fahrlässige falsche Versicherung an Eides Statt",38,30,0.7894736842105263,78.94736842105263,1,7,3.0,3,27,0,0
2024,StGB  ,StGB § 164 Falsche Verdächtigung ,3513,2491,0.7090805579276971,70.90805579276972,188,622,149.0,112,2186,37,368
2024,StGB  ,StGB § 169 Personenstandsfälschung ,3,3,1.0,100.0,0,0,0.0,0,2,0,1
2024,StGB  ,StGB § 170 Abs. 1 Verletzung der Unterhaltspflicht ,745,435,0.5838926174496645,58.38926174496645,16,293,197.0,192,238,5,1
2024,StGB  ,StGB § 170 Abs. 2 Verletzung der Unterhaltspflicht gegenüber einer Schwangeren,5,4,0.8,80.0,0,1,1.0,1,3,0,0
2024,StGB  ,StGB § 171 Verletzung der Fürsorge- oder Erziehungspflicht,51,33,0.6470588235294118,64.70588235294117,4,14,10.0,10,23,0,0
2024,StGB  ,StGB § 172 Doppelehe doppelte Lebenspartnerschaft,5,4,0.8,80.0,0,1,0.0,0,4,0,0
2024,StGB  ,StGB § 173 Beischlaf zwischen Verwandten ,5,4,0.8,80.0,0,0,3.0,3,1,0,1
2024,StGB  ,StGB § 174 Sexueller Missbrauch von Schutzbefohlenen ,82,61,0.7439024390243902,74.39024390243902,12,9,51.0,40,10,11,0
2024,StGB  ,StGB § 174 b Sexueller Missbrauch unter Ausnutzung einer Amtsstellung,1,1,1.0,100.0,0,0,0.0,0,0,0,1
2024,StGB  ,"StGB § 174 c Abs. 1 Sexueller Missbrauch unter Ausnutzung eines Beratungs-, Behandlungs- oder Betreuungsverhältnisses",26,21,0.8076923076923077,80.76923076923077,3,2,15.0,14,6,1,0
2024,StGB  ,StGB § 176 Sexueller Missbrauch von Kindern ,1169,870,0.7442258340461934,74.42258340461933,88,69,665.0,470,15,195,332
2024,StGB  ,StGB § 176 b Vorbereitung des sexuellen Missbrauchs von Kindern,45,37,0.8222222222222222,82.22222222222221,1,3,25.0,22,11,3,5
2024,StGB  ,StGB § 176 c Schwerer sexueller Missbrauch von Kindern ,663,568,0.8567119155354449,85.67119155354449,43,19,477.0,129,9,348,115
2024,StGB  ,StGB § 176 d Sexueller Missbrauch von Kindern mit Todesfolge,1,1,1.0,100.0,0,0,1.0,0,0,1,0
2024,StGB  ,StGB § 177 Abs. 1 Sexuelle Handlungen gegen den erkennbaren Willen,664,331,0.49849397590361444,49.84939759036144,157,110,238.0,210,50,28,109
2024,StGB  ,"StGB § 177 Abs. 2 Nr. 1, Abs. 4 Sexuelle Handlungen unt. Ausnutzen der Unfähigkeit z.Willensbildung od.-äußerung",116,61,0.5258620689655172,52.58620689655172,20,23,53.0,49,6,4,14
2024,StGB  ,"StGB § 177 Abs. 2 Nr. 2,3,4,5 Sex.Handlungen unt.Ausnutzung and.Einschränk. d. Fähigkeit z.Willensbild.od.-betätigung",123,95,0.7723577235772358,77.23577235772358,18,9,64.0,58,23,6,9
2024,StGB  ,"StGB § 177 Abs. 5 Sex. Handlungen unt. Anwendung v. Gewalt, Drohung od. Ausnutzen einer schutzl. Lage",550,361,0.6563636363636364,65.63636363636364,101,47,297.0,225,14,72,91
2024,StGB  ,StGB § 177 Abs. 6 Nr. 1 Vergewaltigung ,1083,691,0.6380424746075716,63.80424746075716,239,45,514.0,226,0,288,285
2024,StGB  ,"StGB § 177 Abs. 6 Nr. 2, Abs. 7,8 Gemeinschaftlich begangener od. anderer schwerer sexueller Übergriff",158,132,0.8354430379746836,83.54430379746836,14,8,104.0,12,3,92,29
2024,StGB  ,StGB § 181 a Zuhälterei ,15,11,0.7333333333333333,73.33333333333333,0,3,8.0,7,1,1,3
2024,StGB  ,"StGB § 182 Abs. 1, 2 Sexueller Missbrauch von Jugendlichen unter Ausnutzung einer Zwangslage oder gegen Entgelt",61,43,0.7049180327868853,70.49180327868852,6,10,18.0,15,25,3,2
2024,StGB  ,StGB § 182 Abs. 3 Sexueller Missbrauch von Jugendlichen unter Ausnutzung fehlender Fähigkeit zur sexuellen Selbstbestimmung,14,9,0.6428571428571429,64.28571428571429,2,3,6.0,6,3,0,0
2024,StGB  ,StGB § 183 Exhibitionistische Handlungen ,865,708,0.8184971098265896,81.84971098265896,36,109,88.0,64,606,24,26
2024,StGB  ,"StGB § 184 Verbreitung ""einfacher"" pornographischer Inhalte",549,430,0.7832422586520947,78.32422586520947,10,75,25.0,20,380,5,59
2024,StGB  ,StGB § 184 a Verbreitung gewalt- oder tierpornographischer Inhalte,12,7,0.5833333333333334,58.333333333333336,0,3,0.0,0,6,0,3
2024,StGB  ,"StGB § 184 b Verbreitung, Erwerb und Besitz kinderpornographischer Inhalte",5682,4562,0.8028863076381556,80.28863076381556,158,453,3151.0,2883,645,268,1275
2024,StGB  ,"StGB § 184 c Verbreitung, Erwerb und Besitz jugendpornographischer Inhalte",560,375,0.6696428571428571,66.96428571428571,12,53,38.0,32,262,6,195
2024,StGB  ,StGB § 184 f Ausübung der verbotenen Prostitution ,93,83,0.8924731182795699,89.24731182795699,0,9,2.0,2,81,0,1
2024,StGB  ,StGB § 184 g Jugendgefährdende Prostitution ,5,5,1.0,100.0,0,0,0.0,0,5,0,0
2024,StGB  ,StGB § 184 i Sexuelle Belästigung ,2828,2048,0.7241867043847242,72.41867043847242,155,533,103.0,82,1833,21,204
2024,StGB  ,StGB § 184 j Straftaten aus Gruppen ,2,2,1.0,100.0,0,0,0.0,0,0,0,2
2024,StGB  ,StGB § 184 k Verletzung des Intimbereichs durch Bildaufnahmen,63,53,0.8412698412698413,84.12698412698413,0,7,3.0,2,48,1,5
2024,StGB  ,"StGB § 184 l Inverkehrbringen, Erwerb und Besitz von Sexpuppen mit kindlichem Erscheinungsbild",2,2,1.0,100.0,0,0,2.0,2,0,0,0
2024,StGB  ,StGB § 185 Beleidigung ,29038,23398,0.805771747365521,80.57717473655211,558,4164,829.0,549,21650,280,1837
2024,StGB  ,StGB § 186 Üble Nachrede ,467,303,0.6488222698072805,64.88222698072805,23,131,4.0,3,294,1,15
2024,StGB  ,StGB § 187 Verleumdung ,481,296,0.6153846153846154,61.53846153846154,20,143,12.0,7,273,5,33
2024,StGB  ,"StGB § 188 Gegen Personen des politischen Lebens gerich- tete Beleidigung,üble Nachrede u. Verleumdung",405,332,0.8197530864197531,81.9753086419753,13,59,10.0,9,320,1,3
2024,StGB  ,StGB § 189 Verunglimpfung des Andenkens Verstorbener ,22,15,0.6818181818181818,68.18181818181817,1,5,1.0,1,13,0,2
2024,StGB  ,StGB § 192 a Verhetzende Beleidigung ,69,49,0.7101449275362319,71.01449275362319,5,12,2.0,2,46,0,4
2024,StGB  ,StGB § 201 Verletzung der Vertraulichkeit des Wortes ,417,288,0.6906474820143885,69.06474820143885,17,97,6.0,4,276,2,21
2024,StGB  ,StGB § 202 Verletzung des Briefgeheimnisses ,22,13,0.5909090909090909,59.09090909090909,1,8,0.0,0,13,0,0
2024,StGB  ,StGB § 202 a Ausspähen von Daten ,70,35,0.5,50.0,8,23,2.0,2,31,0,6
2024,StGB  ,StGB § 202 b Abfangen von Daten ,4,3,0.75,75.0,0,1,0.0,0,3,0,0
2024,StGB  ,StGB § 202 c Vorbereiten des Ausspähens und Abfangens von Daten,1,1,1.0,100.0,0,0,0.0,0,1,0,0
2024,StGB  ,StGB § 202 d Datenhehlerei ,8,6,0.75,75.0,0,2,1.0,0,5,1,0
2024,StGB  ,StGB § 203 Verletzung von Privatgeheimnissen ,19,7,0.3684210526315789,36.84210526315789,3,9,0.0,0,6,0,1
2024,StGB  ,StGB § 206 Verletzung des Post- oder Fernmeldegeheimnisses,337,308,0.913946587537092,91.3946587537092,8,19,29.0,27,275,2,6
2024,StGB  ,StGB § 211 Mord ,167,149,0.8922155688622755,89.22155688622755,2,3,132.0,0,0,132,30
2024,StGB  ,"StGB § 211 i.V.m. §§ 22, 23 Versuchter Mord ",141,105,0.7446808510638298,74.46808510638297,5,6,96.0,2,0,94,34
2024,StGB  ,StGB § 218 Schwangerschaftsabbruch ,9,3,0.3333333333333333,33.33333333333333,2,4,2.0,2,1,0,0
2024,StGB  ,StGB § 221 Aussetzung ,8,7,0.875,87.5,1,0,5.0,4,2,1,0
2024,StGB  ,StGB § 225 Misshandlung von Schutzbefohlenen ,185,86,0.4648648648648649,46.48648648648649,37,59,69.0,59,9,10,11
2024,StGB  ,StGB § 231 Beteiligung an einer Schlägerei ,4,3,0.75,75.0,0,1,1.0,1,1,0,1
2024,StGB  ,StGB § 232 Menschenhandel ,10,8,0.8,80.0,1,1,4.0,2,2,2,2
2024,StGB  ,StGB § 232 a Abs. 1 bis 5 Zwangsprostitution ,57,44,0.7719298245614035,77.19298245614034,6,5,36.0,10,2,26,8
2024,StGB  ,StGB § 232 b Zwangsarbeit ,15,11,0.7333333333333333,73.33333333333333,1,1,2.0,0,6,2,5
2024,StGB  ,StGB § 233 Ausbeutung der Arbeitskraft ,2,1,0.5,50.0,0,0,1.0,1,0,0,1
2024,StGB  ,StGB § 235 Entziehung Minderjähriger ,134,91,0.6791044776119403,67.91044776119402,4,36,28.0,25,63,3,3
2024,StGB  ,StGB § 236 Kinderhandel ,4,4,1.0,100.0,0,0,0.0,0,4,0,0
2024,StGB  ,StGB § 238 Nachstellung ,1139,770,0.6760316066725197,67.60316066725197,41,306,188.0,153,576,35,28
2024,StGB  ,StGB § 239 Freiheitsberaubung ,346,182,0.5260115606936416,52.601156069364166,27,125,25.0,15,132,10,37
2024,StGB  ,StGB § 239 a Erpresserischer Menschenraub ,167,137,0.8203592814371258,82.03592814371258,12,12,92.0,21,0,71,51
2024,StGB  ,StGB § 239 b Geiselnahme ,35,32,0.9142857142857143,91.42857142857143,1,1,31.0,8,0,23,2
2024,StGB  ,StGB § 241 Bedrohung ,10362,7535,0.727176220806794,72.7176220806794,334,1891,474.0,345,6627,129,1036
2024,StGB  ,StGB § 242 Diebstahl ,95630,79380,0.8300742444839485,83.00742444839486,1125,8953,7024.0,4280,66486,2744,12042
2024,StGB  ,StGB § 243 Abs. 1 Satz 2 Nr. 1 Einbruchdiebstahl ,7156,5407,0.7555897149245389,75.55897149245389,263,1137,3155.0,1766,1397,1389,1204
2024,StGB  ,StGB § 243 Abs. 1 Satz 2 Nrn. 2 bis 7 Diebstahl in anderen besonders schweren Fällen,9688,8019,0.8277250206440958,82.77250206440958,198,1037,4431.0,2606,2773,1825,1249
2024,StGB  ,StGB § 244 Abs. 1 Nr. 1 Diebstahl mit Waffen ,5007,4212,0.8412222887956861,84.12222887956861,59,429,2299.0,1400,1371,899,849
2024,StGB  ,StGB § 244 Abs. 1 Nr. 2 Bandendiebstahl ,207,96,0.463768115942029,46.3768115942029,10,78,57.0,44,25,13,37
2024,StGB  ,StGB § 244 Abs. 1 Nr. 3 Wohnungseinbruchdiebstahl ,547,383,0.70018281535649,70.018281535649,43,98,296.0,164,38,132,72
2024,StGB  ,StGB § 244 Abs. 4 Privatwohnungseinbruchdiebstahl ,1562,1330,0.8514724711907811,85.1472471190781,76,113,1113.0,496,18,617,242
2024,StGB  ,StGB § 244 a Schwerer Bandendiebstahl ,602,532,0.8837209302325582,88.37209302325581,15,41,477.0,230,1,247,68
2024,StGB  ,StGB § 246 Unterschlagung ,5016,3724,0.7424242424242424,74.24242424242425,252,833,338.0,278,3165,60,428
2024,StGB  ,StGB § 248 b Unbefugter Gebrauch eines Fahrzeugs ,321,239,0.7445482866043613,74.45482866043614,4,28,25.0,15,156,10,108
2024,StGB  ,StGB § 248 c Entziehung elektrischer Energie ,286,241,0.8426573426573427,84.26573426573427,8,37,11.0,9,229,2,1
2024,StGB  ,StGB § 249 Raub ,2271,1456,0.6411272567151035,64.11272567151035,184,232,662.0,373,23,289,1170
2024,StGB  ,StGB § 250 Schwerer Raub ,1286,943,0.7332814930015552,73.32814930015552,96,97,452.0,122,0,330,641
2024,StGB  ,StGB § 251 Raub mit Todesfolge ,9,9,1.0,100.0,0,0,8.0,0,0,8,1
2024,StGB  ,StGB § 252 Räuberischer Diebstahl ,1832,1409,0.7691048034934498,76.91048034934498,52,229,1107.0,572,32,535,412
2024,StGB  ,StGB § 253 Abs. 1 Erpressung ,812,492,0.6059113300492611,60.591133004926114,55,204,85.0,63,346,22,122
2024,StGB  ,StGB § 253 Abs. 4 Besonders schwerer Fall der Erpressung ,37,24,0.6486486486486487,64.86486486486487,2,8,16.0,9,2,7,9
2024,StGB  ,StGB § 255 Räuberische Erpressung ,3008,2231,0.741688829787234,74.1688829787234,173,163,840.0,403,39,437,1793
2024,StGB  ,StGB § 259 Hehlerei ,1765,1361,0.7711048158640227,77.11048158640227,61,260,271.0,206,950,65,223
2024,StGB  ,StGB § 260 Abs. 1 Nr. 1 Gewerbsmäßige Hehlerei ,322,262,0.8136645962732919,81.36645962732919,12,46,234.0,172,15,62,15
2024,StGB  ,StGB § 260 Abs. 1 Nr. 2 Bandenhehlerei ,5,4,0.8,80.0,0,1,4.0,3,0,1,0
2024,StGB  ,StGB § 260 a Gewerbsmäßige Bandenhehlerei ,35,20,0.5714285714285714,57.14285714285714,7,8,20.0,9,0,11,0
2024,StGB  ,StGB § 261 Abs. 1 Geldwäsche ,1832,1386,0.7565502183406113,75.65502183406113,70,267,134.0,126,1055,8,306
2024,StGB  ,StGB § 261 Abs. 2 Geldwäsche ,81,36,0.4444444444444444,44.44444444444444,6,38,4.0,4,29,0,4
2024,StGB  ,StGB § 261 Abs. 4 Geldwäsche durch Verpflichtete ,37,35,0.9459459459459459,94.5945945945946,2,0,10.0,8,14,2,11
2024,StGB  ,StGB § 261 Abs. 5 Besonders schwere Fälle der Geldwäsche ,198,177,0.8939393939393939,89.39393939393939,2,12,101.0,80,37,21,46
2024,StGB  ,StGB § 261 Abs. 6 Leichtfertige Geldwäsche ,1725,1515,0.8782608695652174,87.82608695652175,33,113,80.0,76,1236,4,263
2024,StGB  ,StGB § 261 Abs. 7 i.V.m. § 261 Abs. 1 bis 6 Geldwäsche ,6,4,0.6666666666666666,66.66666666666666,0,2,0.0,0,4,0,0
2024,StGB  ,StGB § 261 Abs. 9 i.V.m. § 261 Abs. 1 bis 6 Geldwäsche ,4,4,1.0,100.0,0,0,0.0,0,4,0,0
2024,StGB  ,StGB § 263 Abs. 1 Betrug ,62117,49866,0.8027754076983756,80.27754076983756,1781,9257,3245.0,2647,45442,598,2392
2024,StGB  ,StGB § 263 Abs. 3 und 5 Schwerwiegende Fälle des Betruges ,6536,5460,0.8353733170134638,83.53733170134639,245,743,4719.0,3637,377,1082,452
2024,StGB  ,StGB § 263 a Computerbetrug ,3175,2384,0.7508661417322835,75.08661417322836,152,454,411.0,328,1707,83,451
2024,StGB  ,StGB § 264 Subventionsbetrug ,1281,893,0.697111631537861,69.7111631537861,49,337,199.0,173,684,26,12
2024,StGB  ,StGB § 264 a Kapitalanlagebetrug ,6,2,0.3333333333333333,33.33333333333333,0,1,0.0,0,2,0,3
2024,StGB  ,StGB § 265 Versicherungsmissbrauch ,72,58,0.8055555555555556,80.55555555555556,3,6,1.0,1,41,0,21
2024,StGB  ,StGB § 265 a Erschleichen von Leistungen ,26707,23451,0.8780843973490097,87.80843973490097,108,1983,694.0,535,21881,159,2041
2024,StGB  ,StGB § 265 b Kreditbetrug ,6,4,0.6666666666666666,66.66666666666666,0,2,1.0,0,1,1,2
2024,StGB  ,StGB § 266 Untreue ,763,455,0.5963302752293578,59.63302752293578,60,245,125.0,121,321,4,12
2024,StGB  ,StGB § 266 a Abs. 1 Vorenthalten von Arbeitnehmerbeiträgen durch den Arbeitgeber,4752,3971,0.8356481481481481,83.56481481481481,39,734,425.0,400,3542,25,12
2024,StGB  ,StGB § 266 a Abs. 2 Vorenthalten von Arbeitgeberbeiträgen durch den Arbeitgeber,32,28,0.875,87.5,0,4,4.0,4,24,0,0
2024,StGB  ,StGB § 266 a Abs. 3 Veruntreuen von Arbeitsentgelt durch den Arbeitgeber,8,4,0.5,50.0,0,4,1.0,1,3,0,0
2024,StGB  ,StGB § 266 a Abs. 4 Vorenthalten von Beiträgen durch den Arbeitgeber in besonders schweren Fällen,67,62,0.9253731343283582,92.53731343283582,0,5,58.0,42,4,16,0
2024,StGB  ,StGB § 266 b Missbrauch von Scheck- und Kreditkarten ,8,3,0.375,37.5,2,3,0.0,0,3,0,0
2024,StGB  ,StGB § 267 Abs. 1 Urkundenfälschung ,20149,17288,0.8580078415802274,85.80078415802274,405,2118,1684.0,1292,15144,392,798
2024,StGB  ,StGB § 267 Abs. 3 und 4 Schwerwiegende Fälle der Urkundenfälschung ,290,236,0.8137931034482758,81.37931034482759,12,39,182.0,148,46,34,11
2024,StGB  ,StGB § 268 Fälschung technischer Aufzeichnungen ,63,57,0.9047619047619048,90.47619047619048,0,6,9.0,9,46,0,2
2024,StGB  ,StGB § 269 Fälschung beweiserheblicher Daten ,1590,1314,0.8264150943396227,82.64150943396227,59,191,142.0,119,1125,23,73
2024,StGB  ,StGB § 271 Mittelbare Falschbeurkundung ,174,127,0.7298850574712644,72.98850574712644,9,36,6.0,5,118,1,5
2024,StGB  ,StGB § 273 Verändern von amtlichen Ausweisen ,129,114,0.8837209302325582,88.37209302325581,2,11,4.0,4,109,0,3
2024,StGB  ,"StGB § 274 Urkundenunterdrückung, Veränderung einer Grenzbezeichnung",194,149,0.7680412371134021,76.80412371134021,4,24,8.0,4,126,4,32
2024,StGB  ,StGB § 275 Vorbereitung d. Fälschung v. amtl. Ausweisen Vorber. der Herst. v. unricht. Impfausweisen,93,71,0.7634408602150538,76.34408602150538,5,16,6.0,6,64,0,2
2024,StGB  ,StGB § 276 Verschaffen von falschen amtlichen Ausweisen,1065,962,0.9032863849765258,90.32863849765258,9,89,50.0,36,908,14,9
2024,StGB  ,StGB § 276 a i.V.m. § 276 Verschaffen von falschen aufenthaltsrechtlichen oder Fahrzeugpapieren,14,14,1.0,100.0,0,0,0.0,0,14,0,0
2024,StGB  ,StGB § 281 Missbrauch von Ausweispapieren ,921,825,0.8957654723127035,89.57654723127035,10,60,49.0,37,753,12,49
2024,StGB  ,StGB § 283 Bankrott ,943,757,0.8027571580063627,80.27571580063628,6,178,103.0,100,653,3,3
2024,StGB  ,StGB § 283 a Besonders schwerer Fall des Bankrotts ,3,2,0.6666666666666666,66.66666666666666,0,1,2.0,2,0,0,0
2024,StGB  ,StGB § 283 b Verletzung der Buchführungspflicht ,221,191,0.8642533936651584,86.42533936651584,1,29,4.0,4,186,0,1
2024,StGB  ,StGB § 283 c Gläubigerbegünstigung ,5,5,1.0,100.0,0,0,0.0,0,5,0,0
2024,StGB  ,StGB § 283 d Schuldnerbegünstigung ,14,5,0.35714285714285715,35.714285714285715,4,5,1.0,1,4,0,0
2024,StGB  ,"StGB § 284 Abs. 1 und 4, § 287 Unerlaubte Veranstaltung eines Glücksspiels, einer Lotterie oder einer Ausspielung",229,139,0.6069868995633187,60.698689956331876,19,69,3.0,3,135,0,3
2024,StGB  ,StGB § 284 Abs. 3 Unerlaubte Veranstaltung e. gewerbsmäßigen oder bandenmäßigen Glücksspiels,155,113,0.7290322580645161,72.90322580645162,4,37,26.0,24,87,2,1
2024,StGB  ,StGB § 285 Beteiligung am unerlaubten Glücksspiel ,189,122,0.6455026455026455,64.55026455026454,9,58,0.0,0,122,0,0
2024,StGB  ,StGB § 291 Abs. 1 Satz 1 Nr. 1 Mietwucher ,10,1,0.1,10.0,1,7,0.0,0,1,0,1
2024,StGB  ,StGB § 291 Abs. 1 Satz 1 Nrn. 3 und 4 Sonstiger Wucher ,20,8,0.4,40.0,6,6,0.0,0,8,0,0
2024,StGB  ,StGB § 291 Abs. 2 Besonders schwere Fälle des Wuchers ,9,3,0.3333333333333333,33.33333333333333,1,5,2.0,2,1,0,0
2024,StGB  ,StGB § 292 Jagdwilderei ,25,18,0.72,72.0,2,5,0.0,0,16,0,2
2024,StGB  ,StGB § 293 Fischwilderei ,334,298,0.8922155688622755,89.22155688622755,3,27,0.0,0,297,0,7
2024,StGB  ,StGB § 298 Wettbewerbsbeschränkende Absprachen bei Ausschreibungen,6,3,0.5,50.0,0,3,0.0,0,3,0,0
2024,StGB  ,StGB § 299 Bestechlichkeit und Bestechung im geschäftlichen Verkehr,14,8,0.5714285714285714,57.14285714285714,1,5,2.0,2,6,0,0
2024,StGB  ,StGB § 300 i.V.m. § 299 Besonders schwere Fälle der Bestechlichkeit und Bestechung im geschäftlichen Verkehr,30,26,0.8666666666666667,86.66666666666667,0,4,21.0,21,5,0,0
2024,StGB  ,"StGB § 300 i.V.m. § 299 a, 299 b Besonders schwere Fälle der Bestechlichkeit und Bestechung im Gesundheitswesen",1,1,1.0,100.0,0,0,0.0,0,1,0,0
2024,StGB  ,StGB § 303 Abs. 1 Sachbeschädigung ,11501,8348,0.7258499260933832,72.58499260933831,311,1708,403.0,278,7173,125,1906
2024,StGB  ,StGB § 303 Abs. 2 Sachbeschädigung ,958,580,0.605427974947808,60.5427974947808,16,126,13.0,13,485,0,318
2024,StGB  ,StGB § 303 a Datenveränderung ,35,20,0.5714285714285714,57.14285714285714,0,11,0.0,0,12,0,12
2024,StGB  ,StGB § 303 b Computersabotage ,11,5,0.45454545454545453,45.45454545454545,3,3,0.0,0,3,0,2
2024,StGB  ,StGB § 304 Abs. 1 Gemeinschädliche Sachbeschädigung ,578,363,0.6280276816608996,62.80276816608996,23,59,25.0,15,218,10,253
2024,StGB  ,StGB § 304 Abs. 2 Gemeinschädliche Sachbeschädigung ,98,57,0.5816326530612245,58.16326530612245,5,11,0.0,0,34,0,48
2024,StGB  ,StGB § 306 Brandstiftung ,392,280,0.7142857142857143,71.42857142857143,34,14,171.0,104,9,67,164
2024,StGB  ,StGB § 306 a Schwere Brandstiftung ,386,224,0.5803108808290155,58.03108808290155,32,16,178.0,76,6,102,154
2024,StGB  ,StGB § 306 b Besonders schwere Brandstiftung ,23,16,0.6956521739130435,69.56521739130434,2,0,12.0,2,1,10,8
2024,StGB  ,StGB § 306 c Brandstiftung mit Todesfolge ,11,8,0.7272727272727273,72.72727272727273,0,0,7.0,0,1,7,3
2024,StGB  ,StGB § 306 d Fahrlässige Brandstiftung ,440,300,0.6818181818181818,68.18181818181817,24,94,26.0,19,244,7,52
2024,StGB  ,StGB § 306 f Herbeiführen einer Brandgefahr ,8,7,0.875,87.5,0,0,0.0,0,6,0,2
2024,StGB  ,"StGB § 315 Gefährliche Eingriffe in den Bahn-, Schiffs- und Luftverkehr",288,226,0.7847222222222222,78.47222222222221,6,47,47.0,37,148,10,40
2024,StGB  ,"StGB § 315 a Gefährdung des Bahn-, Schiffs- und Luftverkehrs",36,19,0.5277777777777778,52.77777777777778,3,14,0.0,0,18,0,1
2024,StGB  ,StGB § 315 b Gefährliche Eingriffe in den Straßenverkehr,967,505,0.5222337125129266,52.22337125129266,90,303,148.0,108,313,40,113
2024,StGB  ,StGB § 315 d Abs. 1 Nr. 1 Verbotene Kraftfahrzeugrennen mit Verkehrsunfall,13,9,0.6923076923076923,69.23076923076923,1,3,1.0,1,8,0,0
2024,StGB  ,StGB § 315 d Abs. 1 Nr. 1 Verbotene Kraftfahrzeugrennen ohne Verkehrsunfall,239,165,0.6903765690376569,69.0376569037657,13,40,12.0,11,138,1,36
2024,StGB  ,StGB § 315 d Abs. 1 Nr. 2 Verbotene Kraftfahrzeugrennen mit Verkehrsunfall,19,7,0.3684210526315789,36.84210526315789,1,9,1.0,1,5,0,3
2024,StGB  ,StGB § 315 d Abs. 1 Nr. 2 Verbotene Kraftfahrzeugrennen ohne Verkehrsunfall,252,156,0.6190476190476191,61.904761904761905,18,60,1.0,1,117,0,56
2024,StGB  ,StGB § 315 d Abs. 1 Nr. 3 Verbotene Kraftfahrzeugrennen mit Verkehrsunfall,81,67,0.8271604938271605,82.71604938271605,5,2,7.0,7,41,0,26
2024,StGB  ,StGB § 315 d Abs. 1 Nr. 3 Verbotene Kraftfahrzeugrennen ohne Verkehrsunfall,712,578,0.8117977528089888,81.17977528089888,24,68,86.0,59,371,27,163
2024,StGB  ,"StGB § 315 d Abs. 2, auch i.V.m. Abs. 4 Verbotene Kraftfahrzeugrennen mit Verkehrsunfall",131,118,0.9007633587786259,90.07633587786259,1,6,28.0,21,66,7,30
2024,StGB  ,"StGB § 315 d Abs. 2, auch i.V.m. Abs. 4 Verbotene Kraftfahrzeugrennen ohne Verkehrsunfall",134,107,0.7985074626865671,79.8507462686567,4,13,32.0,21,43,11,42
2024,StGB  ,StGB § 315 d Abs. 5 Verbotene Kraftfahrzeugrennen mit Verkehrsunfall,16,13,0.8125,81.25,2,0,8.0,1,3,7,3
2024,StGB  ,StGB § 315 d Abs. 5 Verbotene Kraftfahrzeugrennen ohne Verkehrsunfall,50,34,0.68,68.0,2,12,5.0,0,16,5,15
2024,StGB  ,StGB § 316 Trunkenheit im Verkehr mit Verkehrsunfall ,7162,6809,0.9507120915945266,95.07120915945266,53,259,172.0,145,6519,27,159
2024,StGB  ,StGB § 316 Trunkenheit im Verkehr ohne Verkehrsunfall ,47105,45189,0.9593249124296784,95.93249124296784,224,1343,1451.0,1206,43011,245,1076
2024,StGB  ,StGB § 316 a Räuberischer Angriff auf Kraftfahrer ,44,30,0.6818181818181818,68.18181818181817,1,4,12.0,3,1,9,26
2024,StGB  ,StGB § 323 a Vollrausch in Verbindung mit Verkehrsunfall,172,165,0.9593023255813954,95.93023255813954,0,6,20.0,17,142,3,4
2024,StGB  ,"StGB § 323 a Vollrausch, ohne Verkehrsunfall ",653,619,0.9479326186830015,94.79326186830015,4,25,145.0,99,444,46,35
2024,StGB  ,StGB § 323 b Gefährdung einer Entziehungskur ,6,5,0.8333333333333334,83.33333333333334,0,1,0.0,0,5,0,0
2024,StGB  ,StGB § 323 c Abs. 1 Unterlassene Hilfeleistung ,128,59,0.4609375,46.09375,11,46,7.0,7,41,0,23
2024,StGB  ,StGB § 323 c Abs. 2 Behinderung. v. hilfeleistenden Pers. ,15,9,0.6,60.0,0,6,0.0,0,9,0,0
2024,StGB  ,StGB § 324 Abs. 3 Gewässerverunreinigung - fahrlässig ,48,32,0.6666666666666666,66.66666666666666,1,15,0.0,0,32,0,0
2024,StGB  ,StGB § 324 a Abs. 3 Bodenverunreinigung - fahrlässig ,21,17,0.8095238095238095,80.95238095238095,0,4,0.0,0,17,0,0
2024,StGB  ,"StGB § 324 a, ohne Abs. 3 Bodenverunreinigung - vorsätzlich ",38,19,0.5,50.0,5,14,1.0,1,18,0,0
2024,StGB  ,"StGB § 324, ohne Abs. 3 Gewässerverunreinigung - vorsätzlich ",86,58,0.6744186046511628,67.44186046511628,5,23,0.0,0,56,0,2
2024,StGB  ,StGB § 325 Abs. 1 Luftverunreinigung - vorsätzlich ,2,2,1.0,100.0,0,0,0.0,0,2,0,0
2024,StGB  ,StGB § 326 Abs. 1 Unerlaubter Umgang mit Abfällen - vorsätzlich,634,491,0.7744479495268138,77.44479495268138,12,126,9.0,7,480,2,7
2024,StGB  ,StGB § 326 Abs. 2 Grenzüberschreitende Verbringung von Abfällen - vorsätzlich,5,2,0.4,40.0,0,3,0.0,0,2,0,0
2024,StGB  ,StGB § 326 Abs. 5 Nr. 1 Unerl. Umgang mit Abfällen und grenzüberschr. Verbringung von Abfällen - fahrlässig,81,66,0.8148148148148148,81.48148148148148,2,13,0.0,0,66,0,0
2024,StGB  ,StGB § 327 Abs. 2 Unerlaubtes Betreiben anderer Anlagen - vorsätzlich,65,33,0.5076923076923077,50.76923076923077,1,31,2.0,2,31,0,0
2024,StGB  ,StGB § 327 Abs. 2 und 3 Nr. 2 Unerlaubtes Betreiben anderer Anlagen - fahrlässig,10,8,0.8,80.0,0,2,0.0,0,8,0,0
2024,StGB  ,StGB § 328 Abs. 1 bis 3 Unerlaubter Umgang mit radioaktiven und anderen gefährlichen Stoffen und Gütern - vorsätzlich,1,1,1.0,100.0,0,0,0.0,0,1,0,0
2024,StGB  ,StGB § 329 Abs. 4 Schädigung von Natura2000-Gebieten - vorsätzlich,4,3,0.75,75.0,0,1,0.0,0,3,0,0
2024,StGB  ,StGB § 330 Besonders schwerer Fall einer Umweltstraftat,8,2,0.25,25.0,0,6,1.0,0,1,1,0
2024,StGB  ,StGB § 331 Vorteilsannahme ,7,6,0.8571428571428571,85.71428571428571,0,1,3.0,3,3,0,0
2024,StGB  ,StGB § 332 Bestechlichkeit ,25,14,0.56,56.00000000000001,4,7,12.0,10,2,2,0
2024,StGB  ,StGB § 333 Vorteilsgewährung ,26,23,0.8846153846153846,88.46153846153845,1,2,2.0,2,21,0,0
2024,StGB  ,StGB § 334 Bestechung ,209,180,0.861244019138756,86.1244019138756,5,24,62.0,53,117,9,1
2024,StGB  ,StGB § 335 Besonders schwere Fälle der Bestechlichkeit und Bestechung,18,17,0.9444444444444444,94.44444444444444,0,1,16.0,9,1,7,0
2024,StGB  ,StGB § 339 Rechtsbeugung ,10,9,0.9,90.0,1,0,3.0,3,6,0,0
2024,StGB  ,StGB § 348 Falschbeurkundung im Amt ,44,12,0.2727272727272727,27.27272727272727,7,25,2.0,2,10,0,0
2024,StGB  ,StGB § 353 b Verletzung des Dienstgeheimnisses und einer besonderen Geheimhaltungspflicht,56,40,0.7142857142857143,71.42857142857143,6,10,2.0,2,38,0,0
2024,StGB  ,StGB § 353 d Verbotene Mitteilungen über Gerichtsverhandlungen,15,9,0.6,60.0,0,5,0.0,0,9,0,1
2024,StGB  ,StGB § 356 Parteiverrat ,24,6,0.25,25.0,4,14,2.0,2,4,0,0
2024,StGB  ,StGB § 85 Verstoß gegen ein Vereinigungsverbot,7,4,0.5714285714285714,57.14285714285714,1,1,2.0,2,2,0,1
2024,StGB  ,StGB § 86 Verbreiten von Propagandamitteln verfassungs- widriger und terroristischer Organisationen,1047,880,0.8404966571155683,84.04966571155683,25,73,39.0,25,786,14,124
2024,StGB  ,StGB § 86 a Verwenden von Kennzeichen verfassungs- widriger und terroristischer Organisationen,2524,1962,0.777337559429477,77.7337559429477,68,276,101.0,68,1752,33,327
2024,StGB  ,StGB § 89 a Vorbereitung einer schweren staatsgefährdenden Gewalttat,6,5,0.8333333333333334,83.33333333333334,0,1,4.0,0,0,4,1
2024,StGB  ,StGB § 89 c Terrorismusfinanzierung ,1,1,1.0,100.0,0,0,1.0,1,0,0,0
2024,StGB  ,StGB § 90 a Verunglimpfung des Staates und seiner Symbole,5,2,0.4,40.0,0,3,0.0,0,2,0,0
2024,StGB  ,StGB § 91 Anleitung zur Begehung einer schweren staatsgefährdenden Gewalttat,2,2,1.0,100.0,0,0,0.0,0,1,0,1
2024,StGB  ,StGB § 99 Geheimdienstliche Agententätigkeit,1,1,1.0,100.0,0,0,1.0,0,0,1,0
2024,StGB  ,"StGB §§ 102, 104 Straftaten gegen ausländische Staaten ",7,4,0.5714285714285714,57.14285714285714,0,0,0.0,0,2,0,5
2024,StGB  ,StGB §§ 107 bis 108 b Wahlvergehen ,8,5,0.625,62.5,2,1,1.0,1,4,0,0
2024,StGB  ,"StGB §§ 123, 124 Hausfriedensbruch ",4312,3241,0.7516233766233766,75.16233766233766,59,728,71.0,35,3022,36,432
2024,StGB  ,"StGB §§ 142, 315 b bis d,316 sowie 222,229, §§ 323 a i.V.m. Verkehrsunfall, StVG §§ 21, §§ 22,22 a,22 b Straftaten im Straßenverkehr",184437,162384,0.8804307161795084,88.04307161795084,2846,16516,7169.0,5908,151595,1261,6311
2024,StGB  ,"StGB §§ 146 bis 149 Geld-, Wertzeichen- und Wertpapierfälschung ",469,356,0.7590618336886994,75.90618336886993,38,40,179.0,146,83,33,129
2024,StGB  ,"StGB §§ 166, 167 Religions- und Weltanschauungs- delikte",20,18,0.9,90.0,1,1,1.0,1,15,0,2
2024,StGB  ,"StGB §§ 212, 213 Totschlag ",503,313,0.6222664015904572,62.22664015904572,33,22,271.0,11,0,260,177
2024,StGB  ,"StGB §§ 257, 258 und 258 a Begünstigung und Strafvereitelung Strafvereitelung im Amt",940,694,0.7382978723404255,73.82978723404256,46,152,41.0,37,590,4,111
2024,StGB  ,"StGB §§ 277, 278 und 279 Andere Straftaten der Urkundenfälschung ",1322,650,0.491679273827534,49.167927382753405,65,599,5.0,5,642,0,11
2024,StGB  ,"StGB §§ 288, 289 Vereiteln der Zwangsvollstreckung, Pfandkehr ",177,132,0.7457627118644068,74.57627118644068,3,41,4.0,4,127,0,2
2024,StGB  ,"StGB §§ 307, 308 Herbeiführen einer Explosion ",254,194,0.7637795275590551,76.37795275590551,12,15,133.0,49,10,84,84
2024,StGB  ,"StGB §§ 309, 310, 313, 314, 318 und 319 Andere gemeingefährliche Straftaten ",18,11,0.6111111111111112,61.111111111111114,0,5,2.0,1,8,1,3
2024,StGB  ,"StGB §§ 344, 345 Verfolgung Unschuldiger, Vollstreckung gegen Unschuldige",5,3,0.6,60.0,2,0,1.0,1,2,0,0
2024,StGB  ,"StGB §§ 352, 353 Gebühren- und Abgabenüberhebung, Leistungskürzung",7,3,0.42857142857142855,42.857142857142854,1,2,1.0,1,2,0,1
2024,StGB  ,StGB §§ 81 bis 83 Hochverrat ,2,1,0.5,50.0,0,1,0.0,0,1,0,0
2024,StGB  ,"StGB §§ 90, 90 b, 90 c Andere Straftaten der Gefährdung des demokratischen Rechtsstaates",1,1,1.0,100.0,0,0,0.0,0,1,0,0
2024,StGB  ,"StGB §§ 95, 97 Offenbaren und Preisgabe von Staatsgeheimnissen",2,2,1.0,100.0,0,0,0.0,0,2,0,0
2024,StGB  ,Straftaten im Straßenverkehr in Trunkenheit mit Verkehrsunfall ,24180,22952,0.9492142266335815,94.92142266335814,142,972,816.0,691,21618,125,632
2024,StGB  ,Straftaten im Straßenverkehr in Trunkenheit ohne Verkehrsunfall ,48813,46578,0.9542130170241534,95.42130170241533,266,1582,1538.0,1278,44242,260,1185
2024,StGB  ,Straftaten im Straßenverkehr nach dem StGB in Trunkenheit zusammen,72993,69530,0.9525570945159125,95.25570945159126,408,2554,2354.0,1969,65860,385,1817
2024,StGB  ,Straftaten im Straßenverkehr nach dem StGB insgesamt Summe 7001 bis 7041,122747,107177,0.873153722697907,87.3153722697907,2003,12066,3153.0,2598,101507,555,4018
2024,StGB  ,Straftaten im Straßenverkehr nach dem StGB und StVG ohne Trunkenheit zusammen,111444,92854,0.8331897634686479,83.31897634686479,2438,13962,4815.0,3939,85735,876,4494
2024,StGB  ,Straftaten im Straßenverkehr ohne Trunkenheit mit Verkehrsunfall ,48732,37497,0.7694533366165969,76.94533366165969,1427,8948,621.0,517,35914,104,1822
2024,StGB  ,Straftaten im Straßenverkehr ohne Trunkenheit ohne Verkehrsunfall ,62712,55357,0.882717821150657,88.2717821150657,1011,5014,4194.0,3422,49821,772,2672
2024,StGB  ,Trunkenheit im Verkehr nach § 316 StGB insgesamt ,54267,51998,0.9581882175170914,95.81882175170914,277,1602,1623.0,1351,49530,272,1235
2024,StGB  ,Unerlaubtes Entfernen vom Unfallort insgesamt (§ 142 StGB) ,37732,29079,0.7706721085550726,77.06721085550726,1213,6805,439.0,370,27906,69,1369
2024,StGB  ,Verbotene Kraftfahrzeugrennen nach § 315 d StGB insgesamt ,1647,1254,0.761384335154827,76.13843351548269,71,213,181.0,123,808,58,374
2024,StGB  ,Verbotene Kraftfahrzeugrennen nach § 315 d StGB mit Verkehrsunfall ,260,214,0.823076923076923,82.3076923076923,10,20,45.0,31,123,14,62
2024,StGB  ,Verbotene Kraftfahrzeugrennen nach § 315 d StGB ohne Verkehrsunfall ,1387,1040,0.7498197548666186,74.98197548666185,61,193,136.0,92,685,44,312
2024,StGB  ,Fahrlässige Körperverl. im Straßenverkehr insgesamt (§ 229 StGB) ,13089,11009,0.8410879364351745,84.10879364351746,140,1781,222.0,188,10534,34,412
2024,StGB  ,Fahrlässige Tötung im Straßenverkehr insgesamt (§ 222 StGB) ,538,465,0.8643122676579925,86.43122676579925,14,54,156.0,130,289,26,25
2024,StGB  ,"StGB 15. Abschnitt, §§ 201 bis 206 Verletzung des persönlichen Lebens- und Geheimbereichs",1435,1082,0.7540069686411149,75.4006968641115,60,222,62.0,52,979,10,112
2024,StGB  ,"StGB 17. Abschnitt, §§ 223 bis 231 (o.V.) Straftaten gegen die körperliche Unversehrtheit (o.V.)",81372,52633,0.6468195448065673,64.68195448065673,4307,17102,12428.0,9665,30844,2763,16691
2024,StGB  ,"StGB 18. Abschnitt, §§ 232 bis 241 a Straftaten gegen die persönliche Freiheit",20968,14801,0.7058851583365128,70.58851583365127,795,4343,1217.0,820,12715,397,1898
2024,StGB  ,"StGB 7. Abschnitt, §§ 123 bis 145 d, ohne § 142 Straftaten gegen die öffentliche Ordnung (o.V.) ",10944,8327,0.7608735380116959,76.08735380116958,273,1722,744.0,470,7149,274,1056
2024,StGB  ,StGB § 111 Öffentliche Aufforderung zu Straftaten ,139,115,0.8273381294964028,82.73381294964028,5,14,8.0,6,102,2,10
2024,StGB  ,StGB § 126 Störung des öffentlichen Friedens durch Androhung von Straftaten,279,201,0.7204301075268817,72.04301075268818,8,34,18.0,15,157,3,62
2024,StGB  ,"StGB § 130 Abs. 3 Volksverhetzung durch Billigung, Leugnung oder Verharmlosung des nationalsozialistischen Völkermordes",675,543,0.8044444444444444,80.44444444444444,32,48,17.0,15,505,2,73
2024,StGB  ,"StGB § 174 a Sexueller Missbrauch von Gefangenen, behördlich Verwahrten oder Kranken u. Hilfsbedürftigen in Einrichtungen",6,2,0.3333333333333333,33.33333333333333,2,2,1.0,1,1,0,0
2024,StGB  ,StGB § 176 a Sexueller Missbrauch von Kindern ohne Körperkontakt mit dem Kind,485,377,0.777319587628866,77.7319587628866,22,31,283.0,235,31,48,118
2024,StGB  ,"StGB § 178 Sexueller Übergriff, sexuelle Nötigung und Vergewaltigung mit Todesfolge",3,3,1.0,100.0,0,0,2.0,0,0,2,1
2024,StGB  ,StGB § 180 Förderung sexueller Handlungen Minderjähriger,6,2,0.3333333333333333,33.33333333333333,3,1,2.0,1,0,1,0
2024,StGB  ,StGB § 180 a Ausbeutung von Prostituierten ,2,1,0.5,50.0,1,0,0.0,0,1,0,0
2024,StGB  ,StGB § 183 a Erregung öffentlichen Ärgernisses ,255,216,0.8470588235294118,84.70588235294117,8,29,17.0,15,193,2,8
2024,StGB  ,StGB § 201 a Verletzung des höchstpers. Lebensbereichs und von Persönlichkeitsrechten d. Bildaufn.,557,421,0.755834829443447,75.58348294434471,23,63,24.0,19,369,5,78
2024,StGB  ,StGB § 216 Tötung auf Verlangen ,2,1,0.5,50.0,0,0,1.0,1,0,0,1
2024,StGB  ,StGB § 222 Fahrlässige Tötung im Straßenverkehr in Trunkenheit ,45,45,1.0,100.0,0,0,40.0,24,1,16,4
2024,StGB  ,StGB § 222 Fahrlässige Tötung im Straßenverkehr ohne Trunkenheit ,493,420,0.8519269776876268,85.19269776876268,14,54,116.0,106,288,10,21
2024,StGB  ,"StGB § 222 Fahrlässige Tötung, außer im Straßenverkehr ",279,166,0.5949820788530465,59.49820788530465,24,87,45.0,42,116,3,7
2024,StGB  ,StGB § 223 Körperverletzung ,45141,32003,0.7089563811169447,70.89563811169447,1842,8336,3692.0,2687,24410,1005,6861
2024,StGB  ,"StGB § 224 Abs. 1 Nr. 1 Gefährliche Körperverletzung, Vergiftung ",575,232,0.40347826086956523,40.34782608695652,58,210,119.0,93,64,26,124
2024,StGB  ,StGB § 224 Abs. 1 Nrn. 2 bis 5 Gefährliche Körperverletzung ,31182,17349,0.5563786800076967,55.63786800076967,2257,7456,8356.0,6706,3760,1650,9353
2024,StGB  ,StGB § 226 Abs. 1 Schwere Körperverletzung ,81,62,0.7654320987654321,76.5432098765432,3,7,52.0,27,1,25,18
2024,StGB  ,StGB § 226 Abs. 2 Absichtliche oder wissentliche schwere Körperverletzung,7,5,0.7142857142857143,71.42857142857143,1,0,4.0,3,0,1,2
2024,StGB  ,StGB § 227 Körperverletzung mit Todesfolge ,43,33,0.7674418604651163,76.74418604651163,2,3,29.0,2,2,27,7
2024,StGB  ,StGB § 229 Fahrlässige Körperverletzung im Straßenverkehr in Trunkenheit ,2379,2269,0.9537620849096259,95.37620849096258,7,86,132.0,116,2049,16,105
2024,StGB  ,StGB § 229 Fahrlässige Körperverletzung im Straßenverkehr ohne Trunkenheit ,10710,8740,0.8160597572362278,81.60597572362278,133,1695,90.0,72,8485,18,307
2024,StGB  ,"StGB § 229 Fahrlässige Körperverletzung, außer im Straßenverkehr",4154,2860,0.6884930187770824,68.84930187770823,107,1030,106.0,87,2597,19,314
2024,StGB  ,StGB § 237 Abs. 1 Zwangsheirat - Nötigung zur Eingehung der Ehe,4,1,0.25,25.0,2,1,1.0,1,0,0,0
2024,StGB  ,StGB § 240 Abs. 1 Nötigung ,8642,5961,0.689770886368896,68.9770886368896,364,1948,330.0,236,5296,94,704
2024,StGB  ,StGB § 240 Abs. 4 Nr. 1 Nötigung einer Schwangeren zum Schwangerschaftsabbruch,17,8,0.47058823529411764,47.05882352941176,0,9,3.0,3,3,0,2
2024,StGB  ,StGB § 240 Abs. 4 Nr. 2 Nötigung unter Missbrauch der Befugnisse oder der Stellung als Amtsträger,10,3,0.3,30.0,2,4,1.0,0,1,1,2
2024,StGB  ,StGB § 241 a Politische Verdächtigung ,20,11,0.55,55.00000000000001,0,1,0.0,0,2,0,17
2024,StGB  ,StGB § 305 Zerstörung von Bauwerken ,6,4,0.6666666666666666,66.66666666666666,0,2,0.0,0,4,0,0
2024,StGB  ,StGB § 305 a Zerstörung wichtiger Arbeitsmittel ,25,17,0.68,68.0,1,7,3.0,2,11,1,3
2024,StGB  ,StGB § 315 c Abs. 1 Nr. 1 a auch i.V.m. Abs.3 Straßenverkehrsgefährdung infolge Trunkenheit mit Verkehrsunfall,9939,9353,0.9410403461112788,94.10403461112789,60,491,234.0,203,8926,31,228
2024,StGB  ,StGB § 315 c Abs. 1 Nr. 1 a auch i.V.m. Abs.3 Straßenverkehrsgefährdung infolge Trunkenheit ohne Verkehrsunfall,1708,1389,0.813231850117096,81.3231850117096,42,239,87.0,72,1231,15,109
2024,StGB  ,StGB § 315 c Abs. 1 Nr. 1 b auch i.V.m. Abs.3 Straßenverkehrsgefährdung infolge geistiger oder körperl. Mängel mit Verkehrsunfall,1183,923,0.7802197802197802,78.02197802197803,27,225,1.0,1,908,0,22
2024,StGB  ,StGB § 315 c Abs. 1 Nr. 1 b auch i.V.m. Abs.3 Straßenverkehrsgefährdung infolge geistiger oder körperl. Mängel ohne Verkehrsunfall,139,68,0.4892086330935252,48.92086330935252,7,53,0.0,0,66,0,13
2024,StGB  ,StGB § 315 c Abs. 1 Nr. 2 a auch i.V.m. Abs.3 Nichtbeachten der Vorfahrt mit Verkehrsunfall,117,82,0.7008547008547008,70.08547008547008,2,29,3.0,2,72,1,11
2024,StGB  ,StGB § 315 c Abs. 1 Nr. 2 a auch i.V.m. Abs.3 Nichtbeachten der Vorfahrt ohne Verkehrsunfall,145,88,0.6068965517241379,60.689655172413794,10,38,12.0,10,65,2,20
2024,StGB  ,StGB § 315 c Abs. 1 Nr. 2 b auch i.V.m. Abs.3 Falsches Überholen mit Verkehrsunfall,454,368,0.8105726872246696,81.05726872246696,14,72,5.0,4,347,1,16
2024,StGB  ,StGB § 315 c Abs. 1 Nr. 2 b auch i.V.m. Abs.3 Falsches Überholen ohne Verkehrsunfall,407,256,0.628992628992629,62.8992628992629,25,113,13.0,11,224,2,32
2024,StGB  ,StGB § 315 c Abs. 1 Nr. 2 c auch i.V.m. Abs.3 Falsches Fahren an Fußgängerüberwegen mit Verkehrsunfall,10,3,0.3,30.0,1,5,0.0,0,3,0,1
2024,StGB  ,StGB § 315 c Abs. 1 Nr. 2 c auch i.V.m. Abs.3 Falsches Fahren an Fußgängerüberwegen ohne Verkehrsunfall,27,15,0.5555555555555556,55.55555555555556,3,7,0.0,0,15,0,2
2024,StGB  ,StGB § 315 c Abs. 1 Nr. 2 d auch i.V.m. Abs.3 Zu schnelles Fahren an unübersichtlichen Stellen etc. mit Verkehrsunfall,59,46,0.7796610169491526,77.96610169491525,3,6,2.0,2,34,0,14
2024,StGB  ,StGB § 315 c Abs. 1 Nr. 2 d auch i.V.m. Abs.3 Zu schnelles Fahren an unübersichtlichen Stellen etc. ohne Verkehrsunfall,59,41,0.6949152542372882,69.49152542372882,2,9,4.0,3,29,1,15
2024,StGB  ,StGB § 315 c Abs. 1 Nr. 2 e auch i.V.m. Abs.3 Nichteinhalten der rechten Fahrbahnseite mit Verkehrsunfall,12,8,0.6666666666666666,66.66666666666666,0,4,0.0,0,7,0,1
2024,StGB  ,StGB § 315 c Abs. 1 Nr. 2 e auch i.V.m. Abs.3 Nichteinhalten der rechten Fahrbahnseite ohne Verkehrsunfall,9,5,0.5555555555555556,55.55555555555556,0,4,2.0,2,3,0,0
2024,StGB  ,"StGB § 315 c Abs. 1 Nr. 2 f auch i.V.m. Abs.3 Verbotenes Wenden, Rückwärtsfahren o. Fahren entgegen d. Fahrtrichtung mit Verkehrsunfall",40,37,0.925,92.5,1,1,1.0,1,36,0,1
2024,StGB  ,"StGB § 315 c Abs. 1 Nr. 2 f auch i.V.m. Abs.3 Verbotenes Wenden, Rückwärtsfahren o. Fahren entgegen d. Fahrtrichtung ohne Verkehrsunfall",22,18,0.8181818181818182,81.81818181818183,1,3,0.0,0,17,0,1
2024,StGB  ,StGB § 315 c Abs. 1 Nr. 2 g auch i.V.m. Abs.3 Nichtkenntlichmachen haltender oder liegen- gebliebener Fahrzeuge mit Verkehrsunfall,4,2,0.5,50.0,0,2,0.0,0,2,0,0
2024,StGB  ,StGB § 325 Abs. 2 Freisetzen von Schadstoffen in die Luft beim Betrieb einer Anlage - vorsätzlich,3,3,1.0,100.0,0,0,0.0,0,3,0,0
2024,StGB  ,StGB § 340 Körperverletzung im Amt ,55,17,0.3090909090909091,30.909090909090907,10,28,3.0,3,14,0,0
2024,StGB  ,"StGB §§ 105, 106 Nötigung von Verfassungsorganen ",2,1,0.5,50.0,0,0,0.0,0,1,0,1
2024,StGB  ,"StGB §§ 167 a, 168 Störung einer Bestattungsfeier, Störung der Totenruhe",15,10,0.6666666666666666,66.66666666666666,0,4,1.0,1,9,0,1
2024,StGB  ,"StGB §§ 316 b, 317 Störung öffentlicher Betriebe und von Telekommunikationsanlagen",52,34,0.6538461538461539,65.38461538461539,2,10,5.0,3,27,2,8
2024,StGB  ,"StGB § 130 Abs. 5 Volksverhetzung durch Billigung, Leugnung oder gröbliche Verharmlosung von Völkermorden, Verbrechen gegen die Menschlichkeit und Kriegsverbrechen",3,3,1.0,100.0,0,0,0.0,0,0,0,3
2024,StGB  ,StGB § 134 Verletzung amtlicher Bekanntmachungen ,1,1,1.0,100.0,0,0,0.0,0,0,0,1
2024,StGB  ,"StGB § 152 a Fälschung von Zahlungskarten, Schecks, Wechseln und anderen körperlichen unbaren Zahlungsinstrumenten",2,1,0.5,50.0,0,1,0.0,0,1,0,0
2024,StGB  ,StGB § 176 e Verbreitung und Besitz von Anleitungen zu sexuellem Missbrauch von Kindern,2,2,1.0,100.0,0,0,0.0,0,2,0,0
2024,StGB  ,StGB § 234 Menschenraub ,3,2,0.6666666666666666,66.66666666666666,0,1,1.0,0,1,1,0
2024,StGB  ,StGB § 355 Verletzung des Steuergeheimnisses ,2,1,0.5,50.0,0,1,0.0,0,1,0,0
2024,StGB  ,StGB § 80 a Aufstacheln zum Verbrechen der Aggression,2,1,0.5,50.0,0,1,1.0,1,0,0,0
2024,StGBoV  ,Straftaten ohne Straftaten im Straßenverkehr nach dem StGB insgesamt Summe 1012 bis 1690,484112,374567,0.7737197177512641,77.37197177512641,14451,68368,63753.0,44296,278884,19457,58656
